{"TimeStamp":"2025-11-12T20:53:09Z","SiteName":"PoSeeReview","RequestId":"fb54be0a-6234-4175-b938-ee4ad204af98","Kind":"OneDeploy","Status":"Success","Details":"{\"Id\":\"4e72a854976c4c3dad957e460a8ab1a6\",\"Status\":4,\"StatusText\":\"\",\"AuthorEmail\":\"N/A\",\"Author\":\"N/A\",\"Message\":\"OneDeploy\",\"Progress\":\"\",\"Deployer\":\"OneDeploy\",\"ReceivedTime\":\"2025-11-12T20:53:04.1390722Z\",\"StartTime\":\"2025-11-12T20:53:04.2953251Z\",\"EndTime\":\"2025-11-12T20:53:09.1082319Z\",\"LastSuccessEndTime\":\"2025-11-12T20:53:09.1082319Z\",\"Complete\":true,\"IsTemporary\":false,\"IsReadOnly\":true,\"SiteName\":\"PoSeeReview\",\"HostName\":\"poseereview.scm.azurewebsites.net\",\"ProjectType\":\"OneDeploy\",\"VsProjectId\":null}"}