﻿<?xml version="1.0" encoding="utf-8"?>
<deployment>
  <id>cdea96c024f0433b81c87067f6b95750</id>
  <author>N/A</author>
  <deployer>OneDeploy</deployer>
  <authorEmail>N/A</authorEmail>
  <message>OneDeploy</message>
  <progress></progress>
  <status>Success</status>
  <statusText></statusText>
  <lastSuccessEndTime>2025-11-08T17:54:33.4346409Z</lastSuccessEndTime>
  <receivedTime>2025-11-08T17:54:25.6582265Z</receivedTime>
  <startTime>2025-11-08T17:54:25.9095784Z</startTime>
  <endTime>2025-11-08T17:54:33.4346409Z</endTime>
  <complete>True</complete>
  <is_temp>False</is_temp>
  <is_readonly>True</is_readonly>
  <project_type>OneDeploy</project_type>
  <vsproject_id></vsproject_id>
</deployment>