<Events><Event><System><Provider Name="IIS AspNetCore Module V2"/><EventID>1035</EventID><Level>1</Level><Task>0</Task><Keywords>Keywords</Keywords><TimeCreated SystemTime="2025-11-08T17:55:24Z"/><EventRecordID>101752921</EventRecordID><Channel>Application</Channel><Computer>WEBWK00000G</Computer><Security/></System><EventData><Data>Application '/LM/W3SVC/1442182491/ROOT' with physical root 'C:\home\site\wwwroot\' has exited from Program.Main with exit code = '0'. First 30KB characters of captured stdout and stderr logs:
[17:55:23 INF] Starting SeeReview API
[17:55:23 FTL] Application terminated unexpectedly
System.InvalidOperationException: AzureTableStorage connection string is required
   at Po.SeeReview.Infrastructure.ServiceCollectionExtensions.AddInfrastructure(IServiceCollection services, IConfiguration configuration) in /home/runner/work/PoSeeReview/PoSeeReview/src/Po.SeeReview.Infrastructure/ServiceCollectionExtensions.cs:line 38
   at Program.&lt;Main&gt;$(String[] args) in /home/runner/work/PoSeeReview/PoSeeReview/src/Po.SeeReview.Api/Program.cs:line 162
</Data><Data>Process Id: 10756.</Data><Data>File Version: 19.0.25119.5. Description: IIS ASP.NET Core Module V2 Request Handler. Commit: </Data></EventData></Event><Event><System><Provider Name="IIS AspNetCore Module V2"/><EventID>1007</EventID><Level>1</Level><Task>0</Task><Keywords>Keywords</Keywords><TimeCreated SystemTime="2025-11-08T17:55:24Z"/><EventRecordID>101752953</EventRecordID><Channel>Application</Channel><Computer>WEBWK00000G</Computer><Security/></System><EventData><Data>Application '/LM/W3SVC/1442182491/ROOT' with physical root 'C:\home\site\wwwroot\' failed to load coreclr. Exception message:
CLR worker thread exited prematurely</Data><Data>Process Id: 10756.</Data><Data>File Version: 19.0.25119.5. Description: IIS ASP.NET Core Module V2 Request Handler. Commit: </Data></EventData></Event><Event><System><Provider Name="IIS AspNetCore Module V2"/><EventID>1032</EventID><Level>4</Level><Task>0</Task><Keywords>Keywords</Keywords><TimeCreated SystemTime="2025-11-08T17:57:13Z"/><EventRecordID>101862703</EventRecordID><Channel>Application</Channel><Computer>WEBWK00000G</Computer><Security/></System><EventData><Data>Application 'C:\home\site\wwwroot\' started successfully.</Data><Data>Process Id: 4512.</Data><Data>File Version: 19.0.25119.5. Description: IIS ASP.NET Core Module V2 Request Handler. Commit: </Data></EventData></Event><Event><System><Provider Name="IIS AspNetCore Module V2"/><EventID>1012</EventID><Level>4</Level><Task>0</Task><Keywords>Keywords</Keywords><TimeCreated SystemTime="2025-11-08T17:59:36Z"/><EventRecordID>102005453</EventRecordID><Channel>Application</Channel><Computer>WEBWK00000G</Computer><Security/></System><EventData><Data>Application 'C:\home\site\wwwroot\' was recycled after detecting app_offline.htm.</Data><Data>Process Id: 4512.</Data><Data>File Version: 19.0.25119.5. Description: IIS ASP.NET Core Module V2 Request Handler. Commit: </Data></EventData></Event><Event><System><Provider Name="IIS AspNetCore Module V2"/><EventID>1033</EventID><Level>4</Level><Task>0</Task><Keywords>Keywords</Keywords><TimeCreated SystemTime="2025-11-08T17:59:36Z"/><EventRecordID>102005500</EventRecordID><Channel>Application</Channel><Computer>WEBWK00000G</Computer><Security/></System><EventData><Data>Application 'MACHINE/WEBROOT/APPHOST/POSEEREVIEW' has shutdown.</Data><Data>Process Id: 4512.</Data><Data>File Version: 19.0.25119.5. Description: IIS ASP.NET Core Module V2 Request Handler. Commit: </Data></EventData></Event><Event><System><Provider Name="IIS AspNetCore Module V2"/><EventID>1032</EventID><Level>4</Level><Task>0</Task><Keywords>Keywords</Keywords><TimeCreated SystemTime="2025-11-08T18:00:45Z"/><EventRecordID>102074218</EventRecordID><Channel>Application</Channel><Computer>WEBWK00000G</Computer><Security/></System><EventData><Data>Application 'C:\home\site\wwwroot\' started successfully.</Data><Data>Process Id: 11000.</Data><Data>File Version: 19.0.25119.5. Description: IIS ASP.NET Core Module V2 Request Handler. Commit: </Data></EventData></Event><Event><System><Provider Name="IIS AspNetCore Module V2"/><EventID>1033</EventID><Level>4</Level><Task>0</Task><Keywords>Keywords</Keywords><TimeCreated SystemTime="2025-11-08T18:34:43Z"/><EventRecordID>104112593</EventRecordID><Channel>Application</Channel><Computer>WEBWK00000G</Computer><Security/></System><EventData><Data>Application 'MACHINE/WEBROOT/APPHOST/POSEEREVIEW' has shutdown.</Data><Data>Process Id: 11000.</Data><Data>File Version: 19.0.25119.5. Description: IIS ASP.NET Core Module V2 Request Handler. Commit: </Data></EventData></Event><Event><System><Provider Name="IIS AspNetCore Module V2"/><EventID>1032</EventID><Level>4</Level><Task>0</Task><Keywords>Keywords</Keywords><TimeCreated SystemTime="2025-11-08T19:42:03Z"/><EventRecordID>108152531</EventRecordID><Channel>Application</Channel><Computer>WEBWK00000G</Computer><Security/></System><EventData><Data>Application 'C:\home\site\wwwroot\' started successfully.</Data><Data>Process Id: 10168.</Data><Data>File Version: 19.0.25119.5. Description: IIS ASP.NET Core Module V2 Request Handler. Commit: </Data></EventData></Event><Event><System><Provider Name="IIS AspNetCore Module V2"/><EventID>1033</EventID><Level>4</Level><Task>0</Task><Keywords>Keywords</Keywords><TimeCreated SystemTime="2025-11-08T20:03:02Z"/><EventRecordID>109411062</EventRecordID><Channel>Application</Channel><Computer>WEBWK00000G</Computer><Security/></System><EventData><Data>Application 'MACHINE/WEBROOT/APPHOST/POSEEREVIEW' has shutdown.</Data><Data>Process Id: 10168.</Data><Data>File Version: 19.0.25119.5. Description: IIS ASP.NET Core Module V2 Request Handler. Commit: </Data></EventData></Event><Event><System><Provider Name="IIS AspNetCore Module V2"/><EventID>1032</EventID><Level>4</Level><Task>0</Task><Keywords>Keywords</Keywords><TimeCreated SystemTime="2025-11-08T20:07:04Z"/><EventRecordID>109653203</EventRecordID><Channel>Application</Channel><Computer>WEBWK00000G</Computer><Security/></System><EventData><Data>Application 'C:\home\site\wwwroot\' started successfully.</Data><Data>Process Id: 12104.</Data><Data>File Version: 19.0.25119.5. Description: IIS ASP.NET Core Module V2 Request Handler. Commit: </Data></EventData></Event><Event><System><Provider Name="IIS AspNetCore Module V2"/><EventID>1033</EventID><Level>4</Level><Task>0</Task><Keywords>Keywords</Keywords><TimeCreated SystemTime="2025-11-08T20:32:03Z"/><EventRecordID>111151687</EventRecordID><Channel>Application</Channel><Computer>WEBWK00000G</Computer><Security/></System><EventData><Data>Application 'MACHINE/WEBROOT/APPHOST/POSEEREVIEW' has shutdown.</Data><Data>Process Id: 12104.</Data><Data>File Version: 19.0.25119.5. Description: IIS ASP.NET Core Module V2 Request Handler. Commit: </Data></EventData></Event><Event><System><Provider Name="IIS AspNetCore Module V2"/><EventID>1035</EventID><Level>1</Level><Task>0</Task><Keywords>Keywords</Keywords><TimeCreated SystemTime="2025-11-12T20:56:34Z"/><EventRecordID>458214234</EventRecordID><Channel>Application</Channel><Computer>WEBWK00000G</Computer><Security/></System><EventData><Data>Application '/LM/W3SVC/1442182491/ROOT' with physical root 'C:\home\site\wwwroot\' has exited from Program.Main with exit code = '0'. First 30KB characters of captured stdout and stderr logs:
[20:56:29 INF] Starting SeeReview API
[20:56:34 FTL] Application terminated unexpectedly
Azure.Identity.CredentialUnavailableException: DefaultAzureCredential failed to retrieve a token from the included credentials. See the troubleshooting guide for more information. https://aka.ms/azsdk/net/identity/defaultazurecredential/troubleshoot
- EnvironmentCredential authentication unavailable. Environment variables are not fully configured. See the troubleshooting guide for more information. https://aka.ms/azsdk/net/identity/environmentcredential/troubleshoot
- WorkloadIdentityCredential authentication unavailable. The workload options are not fully configured. See the troubleshooting guide for more information. https://aka.ms/azsdk/net/identity/workloadidentitycredential/troubleshoot
- ManagedIdentityCredential authentication unavailable. No response received from the managed identity endpoint.
- VisualStudioCredential authentication failed: Visual Studio Token provider can't be accessed at D:\DWASFiles\Sites\PoSeeReview\LocalAppData\.IdentityService\AzureServiceAuth\tokenprovider.json
- VisualStudioCodeCredential requires the Azure.Identity.Broker package to be referenced from the project. VS Code Azure See the troubleshooting guide for more information. https://aka.ms/azsdk/net/identity/vscodecredential/troubleshoot
- AzureCliCredential authentication failed: Azure CLI not installed
- AzurePowerShellCredential authentication failed: Az.Accounts module &gt;= 2.2.0 is not installed.
- AzureDeveloperCliCredential authentication failed: Azure Developer CLI could not be found.
- The BrokerCredential requires the Azure.Identity.Broker package to be referenced. See the troubleshooting guide for more information. https://aka.ms/azsdk/net/identity/brokercredential/troubleshoot
 ---&gt; System.AggregateException: Multiple exceptions were encountered while attempting to authenticate. (EnvironmentCredential authentication unavailable. Environment variables are not fully configured. See the troubleshooting guide for more information. https://aka.ms/azsdk/net/identity/environmentcredential/troubleshoot) (WorkloadIdentityCredential authentication unavailable. The workload options are not fully configured. See the troubleshooting guide for more information. https://aka.ms/azsdk/net/identity/workloadidentitycredential/troubleshoot) (ManagedIdentityCredential authentication unavailable. No response received from the managed identity endpoint.) (VisualStudioCredential authentication failed: Visual Studio Token provider can't be accessed at D:\DWASFiles\Sites\PoSeeReview\LocalAppData\.IdentityService\AzureServiceAuth\tokenprovider.json) (VisualStudioCodeCredential requires the Azure.Identity.Broker package to be referenced from the project. VS Code Azure See the troubleshooting guide for more information. https://aka.ms/azsdk/net/identity/vscodecredential/troubleshoot) (AzureCliCredential authentication failed: Azure CLI not installed) (AzurePowerShellCredential authentication failed: Az.Accounts module &gt;= 2.2.0 is not installed.) (AzureDeveloperCliCredential authentication failed: Azure Developer CLI could not be found.) (The BrokerCredential requires the Azure.Identity.Broker package to be referenced. See the troubleshooting guide for more information. https://aka.ms/azsdk/net/identity/brokercredential/troubleshoot)
 ---&gt; Azure.Identity.CredentialUnavailableException: EnvironmentCredential authentication unavailable. Environment variables are not fully configured. See the troubleshooting guide for more information. https://aka.ms/azsdk/net/identity/environmentcredential/troubleshoot
   at Azure.Identity.CredentialDiagnosticScope.FailWrapAndThrow(Exception ex, String additionalMessage, Boolean isCredentialUnavailable)
   at Azure.Identity.EnvironmentCredential.GetTokenImplAsync(Boolean async, TokenRequestContext requestContext, CancellationToken cancellationToken)
   at Azure.Core.Pipeline.TaskExtensions.EnsureCompleted[T](ValueTask`1 task)
   at Azure.Identity.EnvironmentCredential.GetToken(TokenRequestContext requestContext, CancellationToken cancellationToken)
   at Azure.Identity.DefaultAzureCredential.GetTokenFromSourcesAsync(TokenCredential[] sources, TokenRequestContext requestContext, Boolean async, CancellationToken cancellationToken)
   --- End of inner exception stack trace ---
 ---&gt; (Inner Exception #1) Azure.Identity.CredentialUnavailableException: WorkloadIdentityCredential authentication unavailable. The workload options are not fully configured. See the troubleshooting guide for more information. https://aka.ms/azsdk/net/identity/workloadidentitycredential/troubleshoot
   at Azure.Identity.WorkloadIdentityCredential.GetTokenCoreAsync(Boolean async, TokenRequestContext requestContext, CancellationToken cancellationToken)
   at Azure.Identity.CredentialDiagnosticScope.FailWrapAndThrow(Exception ex, String additionalMessage, Boolean isCredentialUnavailable)
   at Azure.Identity.WorkloadIdentityCredential.GetTokenCoreAsync(Boolean async, TokenRequestContext requestContext, CancellationToken cancellationToken)
   at Azure.Core.Pipeline.TaskExtensions.EnsureCompleted[T](ValueTask`1 task)
   at Azure.Identity.WorkloadIdentityCredential.GetToken(TokenRequestContext requestContext, CancellationToken cancellationToken)
   at Azure.Identity.DefaultAzureCredential.GetTokenFromSourcesAsync(TokenCredential[] sources, TokenRequestContext requestContext, Boolean async, CancellationToken cancellationToken)&lt;---

 ---&gt; (Inner Exception #2) Azure.Identity.CredentialUnavailableException: ManagedIdentityCredential authentication unavailable. No response received from the managed identity endpoint.
 ---&gt; Azure.RequestFailedException: An attempt was made to access a socket in a way forbidden by its access permissions. (169.254.169.254:80)
 ---&gt; System.Net.Http.HttpRequestException: An attempt was made to access a socket in a way forbidden by its access permissions. (169.254.169.254:80)
 ---&gt; System.Net.Sockets.SocketException (10013): An attempt was made to access a socket in a way forbidden by its access permissions.
   at System.Net.Sockets.Socket.AwaitableSocketAsyncEventArgs.ThrowException(SocketError error, CancellationToken cancellationToken)
   at System.Net.Sockets.Socket.AwaitableSocketAsyncEventArgs.System.Threading.Tasks.Sources.IValueTaskSource.GetResult(Int16 token)
   at System.Net.Sockets.Socket.&lt;ConnectAsync&gt;g__WaitForConnectWithCancellation|285_0(AwaitableSocketAsyncEventArgs saea, ValueTask connectTask, CancellationToken cancellationToken)
   at System.Net.Http.HttpConnectionPool.ConnectToTcpHostAsync(String host, Int32 port, HttpRequestMessage initialRequest, Boolean async, CancellationToken cancellationToken)
   --- End of inner exception stack trace ---
   at System.Net.Http.HttpConnectionPool.ConnectToTcpHostAsync(String host, Int32 port, HttpRequestMessage initialRequest, Boolean async, CancellationToken cancellationToken)
   at System.Net.Http.HttpConnectionPool.ConnectAsync(HttpRequestMessage request, Boolean async, CancellationToken cancellationToken)
   at System.Net.Http.HttpConnectionPool.CreateHttp11ConnectionAsync(HttpRequestMessage request, Boolean async, CancellationToken cancellationToken)
   at System.Net.Http.HttpConnectionPool.InjectNewHttp11ConnectionAsync(QueueItem queueItem)
   at System.Threading.Tasks.TaskCompletionSourceWithCancellation`1.WaitWithCancellation(CancellationToken cancellationToken)
   at System.Net.Http.HttpConnectionWaiter`1.WaitForConnectionAsync(HttpRequestMessage request, HttpConnectionPool pool, Boolean async, CancellationToken requestCancellationToken)
   at System.Net.Http.HttpConnectionPool.SendWithVersionDetectionAndRetryAsync(HttpRequestMessage request, Boolean async, Boolean doRequestAuth, CancellationToken cancellationToken)
   at System.Net.Http.HttpMessageHandlerStage.Send(HttpRequestMessage request, CancellationToken cancellationToken)
   at System.Net.Http.Metrics.MetricsHandler.SendAsync(HttpRequestMessage request, Boolean async, CancellationToken cancellationToken)
   at System.Net.Http.HttpMessageHandlerStage.Send(HttpRequestMessage request, CancellationToken cancellationToken)
   at System.Net.Http.DiagnosticsHandler.SendAsync(HttpRequestMessage request, Boolean async, CancellationToken cancellationToken)
   at System.Net.Http.HttpMessageHandlerStage.Send(HttpRequestMessage request, CancellationToken cancellationToken)
   at System.Net.Http.SocketsHttpHandler.Send(HttpRequestMessage request, CancellationToken cancellationToken)
   at System.Net.Http.HttpMessageInvoker.Send(HttpRequestMessage request, CancellationToken cancellationToken)
   at System.Net.Http.HttpClient.Send(HttpRequestMessage request, HttpCompletionOption completionOption, CancellationToken cancellationToken)
   at Azure.Core.Pipeline.HttpClientTransport.ProcessSyncOrAsync(HttpMessage message, Boolean async)
   --- End of inner exception stack trace ---
   at Azure.Core.Pipeline.HttpClientTransport.ProcessSyncOrAsync(HttpMessage message, Boolean async)
   at Azure.Core.Pipeline.TaskExtensions.EnsureCompleted(ValueTask task)
   at Azure.Core.Pipeline.HttpClientTransport.Process(HttpMessage message)
   at Azure.Core.Pipeline.HttpPipelineTransportPolicy.Process(HttpMessage message, ReadOnlyMemory`1 pipeline)
   at Azure.Core.Pipeline.HttpPipelinePolicy.ProcessNext(HttpMessage message, ReadOnlyMemory`1 pipeline)
   at Azure.Core.Pipeline.RequestActivityPolicy.ProcessNextAsync(HttpMessage message, ReadOnlyMemory`1 pipeline, Boolean async)
   at Azure.Core.Pipeline.RequestActivityPolicy.Process(HttpMessage message, ReadOnlyMemory`1 pipeline)
   at Azure.Core.Pipeline.HttpPipelinePolicy.ProcessNext(HttpMessage message, ReadOnlyMemory`1 pipeline)
   at Azure.Core.Pipeline.ResponseBodyPolicy.ProcessAsync(HttpMessage message, ReadOnlyMemory`1 pipeline, Boolean async)
   at Azure.Core.Pipeline.TaskExtensions.EnsureCompleted(ValueTask task)
   at Azure.Core.Pipeline.ResponseBodyPolicy.Process(HttpMessage message, ReadOnlyMemory`1 pipeline)
   at Azure.Core.Pipeline.HttpPipelinePolicy.ProcessNext(HttpMessage message, ReadOnlyMemory`1 pipeline)
   at Azure.Core.Pipeline.LoggingPolicy.Process(HttpMessage message, ReadOnlyMemory`1 pipeline)
   at Azure.Core.Pipeline.RedirectPolicy.ProcessAsync(HttpMessage message, ReadOnlyMemory`1 pipeline, Boolean async)
   at Azure.Core.Pipeline.TaskExtensions.EnsureCompleted(ValueTask task)
   at Azure.Core.Pipeline.RedirectPolicy.Process(HttpMessage message, ReadOnlyMemory`1 pipeline)
   at Azure.Core.Pipeline.RetryPolicy.ProcessAsync(HttpMessage message, ReadOnlyMemory`1 pipeline, Boolean async)
   at Azure.Core.Pipeline.RetryPolicy.ProcessAsync(HttpMessage message, ReadOnlyMemory`1 pipeline, Boolean async)
   at Azure.Core.Pipeline.TaskExtensions.EnsureCompleted(ValueTask task)
   at Azure.Core.Pipeline.RetryPolicy.Process(HttpMessage message, ReadOnlyMemory`1 pipeline)
   at Azure.Identity.DefaultAzureCredentialImdsRetryPolicy.Process(HttpMessage message, ReadOnlyMemory`1 pipeline)
   at Azure.Core.Pipeline.HttpPipelinePolicy.ProcessNext(HttpMessage message, ReadOnlyMemory`1 pipeline)
   at Azure.Core.Pipeline.HttpPipelineSynchronousPolicy.Process(HttpMessage message, ReadOnlyMemory`1 pipeline)
   at Azure.Core.Pipeline.HttpPipelinePolicy.ProcessNext(HttpMessage message, ReadOnlyMemory`1 pipeline)
   at Azure.Core.Pipeline.HttpPipelineSynchronousPolicy.Process(HttpMessage message, ReadOnlyMemory`1 pipeline)
   at Azure.Core.Pipeline.HttpPipelinePolicy.ProcessNext(HttpMessage message, ReadOnlyMemory`1 pipeline)
   at Azure.Core.Pipeline.HttpPipelineSynchronousPolicy.Process(HttpMessage message, ReadOnlyMemory`1 pipeline)
   at Azure.Core.Pipeline.HttpPipeline.Send(HttpMessage message, CancellationToken cancellationToken)
   at Azure.Identity.ManagedIdentitySource.AuthenticateAsync(Boolean async, TokenRequestContext context, CancellationToken cancellationToken)
   at Azure.Identity.ImdsManagedIdentityProbeSource.AuthenticateAsync(Boolean async, TokenRequestContext context, CancellationToken cancellationToken)
   --- End of inner exception stack trace ---
   at Azure.Identity.ImdsManagedIdentityProbeSource.AuthenticateAsync(Boolean async, TokenRequestContext context, CancellationToken cancellationToken)
   at Azure.Identity.ManagedIdentityClient.AuthenticateCoreAsync(Boolean async, TokenRequestContext context, CancellationToken cancellationToken)
   at Azure.Identity.ManagedIdentityClient.AuthenticateAsync(Boolean async, TokenRequestContext context, CancellationToken cancellationToken)
   at Azure.Identity.ManagedIdentityCredential.GetTokenImplAsync(Boolean async, TokenRequestContext requestContext, CancellationToken cancellationToken)
   at Azure.Identity.CredentialDiagnosticScope.FailWrapAndThrow(Exception ex, String additionalMessage, Boolean isCredentialUnavailable)
   at Azure.Identity.ManagedIdentityCredential.GetTokenImplAsync(Boolean async, TokenRequestContext requestContext, CancellationToken cancellationToken)
   at Azure.Core.Pipeline.TaskExtensions.EnsureCompleted[T](ValueTask`1 task)
   at Azure.Identity.ManagedIdentityCredential.GetToken(TokenRequestContext requestContext, CancellationToken cancellationToken)
   at Azure.Identity.DefaultAzureCredential.GetTokenFromSourcesAsync(TokenCredential[] sources, TokenRequestContext requestContext, Boolean async, CancellationToken cancellationToken)&lt;---

 ---&gt; (Inner Exception #3) Azure.Identity.CredentialUnavailableException: VisualStudioCredential authentication failed: Visual Studio Token provider can't be accessed at D:\DWASFiles\Sites\PoSeeReview\LocalAppData\.IdentityService\AzureServiceAuth\tokenprovider.json
 ---&gt; Azure.Identity.CredentialUnavailableException: Visual Studio Token provider can't be accessed at D:\DWASFiles\Sites\PoSeeReview\LocalAppData\.IdentityService\AzureServiceAuth\tokenprovider.json
 ---&gt; System.IO.DirectoryNotFoundException: Could not find a part of the path 'D:\DWASFiles\Sites\PoSeeReview\LocalAppData\.IdentityService\AzureServiceAuth\tokenprovider.json'.
   at Microsoft.Win32.SafeHandles.SafeFileHandle.CreateFile(String fullPath, FileMode mode, FileAccess access, FileShare share, FileOptions options)
   at Microsoft.Win32.SafeHandles.SafeFileHandle.Open(String fullPath, FileMode mode, FileAccess access, FileShare share, FileOptions options, Int64 preallocationSize, Nullable`1 unixCreateMode)
   at System.IO.Strategies.OSFileStreamStrategy..ctor(String path, FileMode mode, FileAccess access, FileShare share, FileOptions options, Int64 preallocationSize, Nullable`1 unixCreateMode)
   at System.IO.Strategies.FileStreamHelpers.ChooseStrategyCore(String path, FileMode mode, FileAccess access, FileShare share, FileOptions options, Int64 preallocationSize, Nullable`1 unixCreateMode)
   at System.IO.StreamReader.ValidateArgsAndOpenPath(String path, Encoding encoding, Int32 bufferSize)
   at System.IO.File.ReadAllText(String path, Encoding encoding)
   at System.IO.File.ReadAllText(String path)
   at Azure.Identity.FileSystemService.ReadAllText(String path)
   at Azure.Identity.VisualStudioCredential.GetTokenProviderContent(String tokenProviderPath)
   --- End of inner exception stack trace ---
   at Azure.Identity.VisualStudioCredential.GetTokenProviderContent(String tokenProviderPath)
   at Azure.Identity.VisualStudioCredential.GetTokenProviders(String tokenProviderPath)
   at Azure.Identity.VisualStudioCredential.GetTokenImplAsync(TokenRequestContext requestContext, Boolean async, CancellationToken cancellationToken)
   --- End of inner exception stack trace ---
   at Azure.Identity.CredentialDiagnosticScope.FailWrapAndThrow(Exception ex, String additionalMessage, Boolean isCredentialUnavailable)
   at Azure.Identity.VisualStudioCredential.GetTokenImplAsync(TokenRequestContext requestContext, Boolean async, CancellationToken cancellationToken)
   at Azure.Core.Pipeline.TaskExtensions.EnsureCompleted[T](ValueTask`1 task)
   at Azure.Identity.VisualStudioCredential.GetToken(TokenRequestContext requestContext, CancellationToken cancellationToken)
   at Azure.Identity.DefaultAzureCredential.GetTokenFromSourcesAsync(TokenCredential[] sources, TokenRequestContext requestContext, Boolean async, CancellationToken cancellationToken)&lt;---

 ---&gt; (Inner Exception #4) Azure.Identity.CredentialUnavailableException: VisualStudioCodeCredential requires the Azure.Identity.Broker package to be referenced from the project. VS Code Azure See the troubleshooting guide for more information. https://aka.ms/azsdk/net/identity/vscodecredential/troubleshoot
   at Azure.Identity.VisualStudioCodeCredential.GetTokenImpl(Boolean async, TokenRequestContext requestContext, CancellationToken cancellationToken)
   at Azure.Core.Pipeline.TaskExtensions.EnsureCompleted[T](Task`1 task)
   at Azure.Identity.VisualStudioCodeCredential.GetToken(TokenRequestContext requestContext, CancellationToken cancellationToken)
   at Azure.Identity.DefaultAzureCredential.GetTokenFromSourcesAsync(TokenCredential[] sources, TokenRequestContext requestContext, Boolean async, CancellationToken cancellationToken)&lt;---

 ---&gt; (Inner Exception #5) Azure.Identity.CredentialUnavailableException: AzureCliCredential authentication failed: Azure CLI not installed
 ---&gt; Azure.Identity.CredentialUnavailableException: Azure CLI not installed
   at Azure.Identity.AzureCliCredential.RequestCliAccessTokenAsync(Boolean async, TokenRequestContext context, CancellationToken cancellationToken)
   at Azure.Identity.AzureCliCredential.GetTokenImplAsync(Boolean async, TokenRequestContext requestContext, CancellationToken cancellationToken)
   --- End of inner exception stack trace ---
   at Azure.Identity.CredentialDiagnosticScope.FailWrapAndThrow(Exception ex, String additionalMessage, Boolean isCredentialUnavailable)
   at Azure.Identity.AzureCliCredential.GetTokenImplAsync(Boolean async, TokenRequestContext requestContext, CancellationToken cancellationToken)
   at Azure.Core.Pipeline.TaskExtensions.EnsureCompleted[T](ValueTask`1 task)
   at Azure.Identity.AzureCliCredential.GetToken(TokenRequestContext requestContext, CancellationToken cancellationToken)
   at Azure.Identity.DefaultAzureCredential.GetTokenFromSourcesAsync(TokenCredential[] sources, TokenRequestContext requestContext, Boolean async, CancellationToken cancellationToken)&lt;---

 ---&gt; (Inner Exception #6) Azure.Identity.CredentialUnavailableException: AzurePowerShellCredential authentication failed: Az.Accounts module &gt;= 2.2.0 is not installed.
 ---&gt; Azure.Identity.CredentialUnavailableException: Az.Accounts module &gt;= 2.2.0 is not installed.
   at Azure.Identity.AzurePowerShellCredential.CheckForErrors(String output, Int32 exitCode)
   at Azure.Identity.AzurePowerShellCredential.RequestAzurePowerShellAccessTokenAsync(Boolean async, TokenRequestContext context, CancellationToken cancellationToken)
   at Azure.Identity.AzurePowerShellCredential.GetTokenImplAsync(Boolean async, TokenRequestContext requestContext, CancellationToken cancellationToken)
   --- End of inner exception stack trace ---
   at Azure.Identity.CredentialDiagnosticScope.FailWrapAndThrow(Exception ex, String additionalMessage, Boolean isCredentialUnavailable)
   at Azure.Identity.AzurePowerShellCredential.GetTokenImplAsync(Boolean async, TokenRequestContext requestContext, CancellationToken cancellationToken)
   at Azure.Core.Pipeline.TaskExtensions.EnsureCompleted[T](ValueTask`1 task)
   at Azure.Identity.AzurePowerShellCredential.GetToken(TokenRequestContext requestContext, CancellationToken cancellationToken)
   at Azure.Identity.DefaultAzureCredential.GetTokenFromSourcesAsync(TokenCredential[] sources, TokenRequestContext requestContext, Boolean async, CancellationToken cancellationToken)&lt;---

 ---&gt; (Inner Exception #7) Azure.Identity.CredentialUnavailableException: AzureDeveloperCliCredential authentication failed: Azure Developer CLI could not be found.
 ---&gt; Azure.Identity.CredentialUnavailableException: Azure Developer CLI could not be found.
   at Azure.Identity.AzureDeveloperCliCredential.RequestCliAccessTokenAsync(Boolean async, TokenRequestContext context, CancellationToken cancellationToken)
   at Azure.Identity.AzureDeveloperCliCredential.GetTokenImplAsync(Boolean async, TokenRequestContext requestContext, CancellationToken cancellationToken)
   --- End of inner exception stack trace ---
   at Azure.Identity.CredentialDiagnosticScope.FailWrapAndThrow(Exception ex, String additionalMessage, Boolean isCredentialUnavailable)
   at Azure.Identity.AzureDeveloperCliCredential.GetTokenImplAsync(Boolean async, TokenRequestContext requestContext, CancellationToken cancellationToken)
   at Azure.Core.Pipeline.TaskExtensions.EnsureCompleted[T](ValueTask`1 task)
   at Azure.Identity.AzureDeveloperCliCredential.GetToken(TokenRequestContext requestContext, CancellationToken cancellationToken)
   at Azure.Identity.DefaultAzureCredential.GetTokenFromSourcesAsync(TokenCredential[] sources, TokenRequestContext requestContext, Boolean async, CancellationToken cancellationToken)&lt;---

 ---&gt; (Inner Exception #8) Azure.Identity.CredentialUnavailableException: The BrokerCredential requires the Azure.Identity.Broker package to be referenced. See the troubleshooting guide for more information. https://aka.ms/azsdk/net/identity/brokercredential/troubleshoot
   at Azure.Identity.BrokerCredential.GetTokenImpl(Boolean async, TokenRequestContext requestContext, CancellationToken cancellationToken)
   at Azure.Core.Pipeline.TaskExtensions.EnsureCompleted[T](Task`1 task)
   at Azure.Identity.BrokerCredential.GetToken(TokenRequestContext requestContext, CancellationToken cancellationToken)
   at Azure.Identity.DefaultAzureCredential.GetTokenFromSourcesAsync(TokenCredential[] sources, TokenRequestContext requestContext, Boolean async, CancellationToken cancellationToken)&lt;---

   --- End of inner exception stack trace ---
   at Azure.Identity.DefaultAzureCredential.GetTokenFromSourcesAsync(TokenCredential[] sources, TokenRequestContext requestContext, Boolean async, CancellationToken cancellationToken)
   at Azure.Identity.DefaultAzureCredential.GetTokenImplAsync(Boolean async, TokenRequestContext requestContext, CancellationToken cancellationToken)
   at Azure.Identity.CredentialDiagnosticScope.FailWrapAndThrow(Exception ex, String additionalMessage, Boolean isCredentialUnavailable)
   at Azure.Identity.DefaultAzureCredential.GetTokenImplAsync(Boolean async, TokenRequestContext requestContext, CancellationToken cancellationToken)
   at Azure.Core.Pipeline.TaskExtensions.EnsureCompleted[T](ValueTask`1 task)
   at Azure.Identity.DefaultAzureCredential.GetToken(TokenRequestContext requestContext, CancellationToken cancellationToken)
   at Azure.Core.Pipeline.BearerTokenAuthenticationPolicy.AccessTokenCache.SetResultOnTcsFromCredentialAsync(TokenRequestContext context, TaskCompletionSource`1 targetTcs, Boolean async, CancellationToken cancellationToken)
   at Azure.Core.Pipeline.BearerTokenAuthenticationPolicy.AccessTokenCache.GetAuthHeaderValueAsync(HttpMessage message, TokenRequestContext context, Boolean async)
   at Azure.Core.Pipeline.TaskExtensions.EnsureCompleted[T](Task`1 task)
   at Azure.Core.Pipeline.BearerTokenAuthenticationPolicy.AccessTokenCache.TokenRequestState.GetCurrentHeaderValue(Boolean async, Boolean checkForCompletion, CancellationToken cancellationToken)
   at Azure.Core.Pipeline.BearerTokenAuthenticationPolicy.AccessTokenCache.GetAuthHeaderValueAsync(HttpMessage message, TokenRequestContext context, Boolean async)
   at Azure.Core.Pipeline.TaskExtensions.EnsureCompleted[T](ValueTask`1 task)
   at Azure.Core.Pipeline.BearerTokenAuthenticationPolicy.AuthenticateAndAuthorizeRequest(HttpMessage message, TokenRequestContext context)
   at Azure.Security.KeyVault.ChallengeBasedAuthenticationPolicy.AuthorizeRequestOnChallengeAsyncInternal(HttpMessage message, Boolean async)
   at Azure.Core.Pipeline.TaskExtensions.EnsureCompleted[T](ValueTask`1 task)
   at Azure.Security.KeyVault.ChallengeBasedAuthenticationPolicy.AuthorizeRequestOnChallenge(HttpMessage message)
   at Azure.Core.Pipeline.BearerTokenAuthenticationPolicy.ProcessAsync(HttpMessage message, ReadOnlyMemory`1 pipeline, Boolean async)
   at Azure.Core.Pipeline.TaskExtensions.EnsureCompleted(ValueTask task)
   at Azure.Core.Pipeline.BearerTokenAuthenticationPolicy.Process(HttpMessage message, ReadOnlyMemory`1 pipeline)
   at Azure.Core.Pipeline.RedirectPolicy.ProcessAsync(HttpMessage message, ReadOnlyMemory`1 pipeline, Boolean async)
   at Azure.Core.Pipeline.TaskExtensions.EnsureCompleted(ValueTask task)
   at Azure.Core.Pipeline.RedirectPolicy.Process(HttpMessage message, ReadOnlyMemory`1 pipeline)
   at Azure.Core.Pipeline.RetryPolicy.ProcessAsync(HttpMessage message, ReadOnlyMemory`1 pipeline, Boolean async)
   at Azure.Core.Pipeline.RetryPolicy.ProcessAsync(HttpMessage message, ReadOnlyMemory`1 pipeline, Boolean async)
   at Azure.Core.Pipeline.TaskExtensions.EnsureCompleted(ValueTask task)
   at Azure.Core.Pipeline.RetryPolicy.Process(HttpMessage message, ReadOnlyMemory`1 pipeline)
   at Azure.Core.Pipeline.HttpPipelinePolicy.ProcessNext(HttpMessage message, ReadOnlyMemory`1 pipeline)
   at Azure.Core.Pipeline.HttpPipelineSynchronousPolicy.Process(HttpMessage message, ReadOnlyMemory`1 pipeline)
   at Azure.Core.Pipeline.HttpPipelinePolicy.ProcessNext(HttpMessage message, ReadOnlyMemory`1 pipeline)
   at Azure.Core.Pipeline.HttpPipelineSynchronousPolicy.Process(HttpMessage message, ReadOnlyMemory`1 pipeline)
   at Azure.Core.Pipeline.HttpPipelinePolicy.ProcessNext(HttpMessage message, ReadOnlyMemory`1 pipeline)
   at Azure.Core.Pipeline.HttpPipelineSynchronousPolicy.Process(HttpMessage message, ReadOnlyMemory`1 pipeline)
   at Azure.Core.Pipeline.HttpPipeline.Send(HttpMessage message, CancellationToken cancellationToken)
   at Azure.Core.Pipeline.HttpPipeline.SendRequest(Request request, CancellationToken cancellationToken)
   at Azure.Security.KeyVault.KeyVaultPipeline.SendRequest(Request request, CancellationToken cancellationToken)
   at Azure.Security.KeyVault.KeyVaultPipeline.GetPage[T](Uri firstPageUri, String nextLink, Func`1 itemFactory, String operationName, CancellationToken cancellationToken)
   at Azure.Security.KeyVault.Secrets.SecretClient.&lt;&gt;c__DisplayClass15_0.&lt;GetPropertiesOfSecrets&gt;b__0(String nextLink)
   at Azure.Core.PageResponseEnumerator.&lt;&gt;c__DisplayClass0_0`1.&lt;CreateEnumerable&gt;b__0(String continuationToken, Nullable`1 pageSizeHint)
   at Azure.Core.PageResponseEnumerator.FuncPageable`1.AsPages(String continuationToken, Nullable`1 pageSizeHint)+MoveNext()
   at Azure.Pageable`1.GetEnumerator()+MoveNext()
   at Azure.Extensions.AspNetCore.Configuration.Secrets.AzureKeyVaultConfigurationProvider.Load()
   at Microsoft.Extensions.Configuration.ConfigurationManager.AddSource(IConfigurationSource source)
   at Microsoft.Extensions.Configuration.ConfigurationManager.ConfigurationSources.Add(IConfigurationSource source)
   at Microsoft.Extensions.Configuration.ConfigurationManager.Microsoft.Extensions.Configuration.IConfigurationBuilder.Add(IConfigurationSource source)
   at Microsoft.Extensions.Configuration.AzureKeyVaultConfigurationExtensions.AddAzureKeyVault(IConfigurationBuilder configurationBuilder, SecretClient client, AzureKeyVaultConfigurationOptions options)
   at Microsoft.Extensions.Configuration.AzureKeyVaultConfigurationExtensions.AddAzureKeyVault(IConfigurationBuilder configurationBuilder, SecretClient client, KeyVaultSecretManager manager)
   at Program.&lt;Main&gt;$(String[] args) in /home/runner/work/PoSeeReview/PoSeeReview/src/Po.SeeReview.Api/Program.cs:line 52
</Data><Data>Process Id: 13176.</Data><Data>File Version: 19.0.25119.5. Description: IIS ASP.NET Core Module V2 Request Handler. Commit: </Data></EventData></Event><Event><System><Provider Name="IIS AspNetCore Module V2"/><EventID>1007</EventID><Level>1</Level><Task>0</Task><Keywords>Keywords</Keywords><TimeCreated SystemTime="2025-11-12T20:56:34Z"/><EventRecordID>458214281</EventRecordID><Channel>Application</Channel><Computer>WEBWK00000G</Computer><Security/></System><EventData><Data>Application '/LM/W3SVC/1442182491/ROOT' with physical root 'C:\home\site\wwwroot\' failed to load coreclr. Exception message:
CLR worker thread exited prematurely</Data><Data>Process Id: 13176.</Data><Data>File Version: 19.0.25119.5. Description: IIS ASP.NET Core Module V2 Request Handler. Commit: </Data></EventData></Event></Events>