<step title="Incoming Request" date="2025-11-12T20:53:01.810" instance="dfddc9" url="/api/publish?async=true&amp;deployer=GITHUB_ONE_DEPLOY&amp;type=zip&amp;message=%7B%22type%22%3A%22deployment%22%2C%22sha%22%3A%22a8516be845458e91f0a056f7d5d730af01226d4f%22%2C%22repoName%22%3A%22punkouter26%2FPoSeeReview%22%2C%22actor%22%3A%22punkouter26%22%2C%22slotName%22%3A%22production%22%2C%22commitMessage%22%3A%22%22%7D" method="POST" type="request" pid="7864,2,8" Transfer-Encoding="chunked" Content-Type="application/octet-stream" Authorization="Bea..." Cookie="ARRAffinity=dfddc9f238daf42a0d21b4e2ebdeab03993d1ccc0043a4769faa65d176b3059e;Path=/;HttpOnly;Secure;Domain=poseereview.scm.azurewebsites.net; ARRAffinitySameSite=dfddc9f238daf42a0d21b4e2ebdeab03993d1ccc0043a4769faa65d176b3059e;Path=/;HttpOnly;SameSite=None;Secure;Domain=poseereview.scm.azurewebsites.net" Host="poseereview.scm.azurewebsites.net" User-Agent="GITHUBACTIONS_DeployWebAppToAzure_8842db0f694a3e98956e1b8020e7b1da82364a913cd77e2e97a4565fa1f8f874" X-ARR-LOG-ID="fb54be0a-6234-4175-b938-ee4ad204af98" CLIENT-IP="68.220.59.212:7168" X-SITE-DEPLOYMENT-ID="PoSeeReview" WAS-DEFAULT-HOSTNAME="poseereview.scm.azurewebsites.net" X-Forwarded-Proto="https" X-AppService-Proto="https" X-Forwarded-TlsVersion="1.3" X-WAWS-Unencoded-URL="/api/publish?async=true&amp;deployer=GITHUB_ONE_DEPLOY&amp;type=zip&amp;message=%7B%22type%22%3A%22deployment%22%2C%22sha%22%3A%22a8516be845458e91f0a056f7d5d730af01226d4f%22%2C%22repoName%22%3A%22punkouter26%2FPoSeeReview%22%2C%22actor%22%3A%22punkouter26%22%2C%22slotName%22%3A%22production%22%2C%22commitMessage%22%3A%22%22%7D" >
  <step title="OneDeploy" date="2025-11-12T20:53:01.857" >
    <step title="Starting PushDeployAsync" date="2025-11-12T20:53:01.857" /><!-- duration: 16ms -->
    <step title="Updating shutdown sentinel last write time" date="2025-11-12T20:53:01.873" SemaphoreCount="7" /><!-- duration: 16ms -->
    <step title="LockFile &apos;C:\home\site\locks\deployments.lock&apos; acquired" date="2025-11-12T20:53:01.904" /><!-- duration: 0ms -->
    <step title="Saving request content to C:\local\Temp\zipdeploy\wyboglqr.zip" date="2025-11-12T20:53:01.904" >
      <step title="Total 33,723,654 bytes written to C:\local\Temp\zipdeploy\wyboglqr.zip" date="2025-11-12T20:53:02.435" /><!-- duration: 16ms -->
    </step><!-- duration: 547ms -->
    <step title="LockFile &apos;C:\home\site\locks\deployments.lock&apos; released" date="2025-11-12T20:53:02.451" /><!-- duration: 0ms -->
    <step title="Deleting shutdown sentinel file" date="2025-11-12T20:53:02.467" SemaphoreCount="8" /><!-- duration: 0ms -->
    <step title="Starting FetchDeploy" date="2025-11-12T20:53:02.467" /><!-- duration: 16ms -->
    <step title="Start deployment in the background" date="2025-11-12T20:53:02.482" /><!-- duration: 62ms -->
  </step><!-- duration: 687ms -->
  <step title="Outgoing response" date="2025-11-12T20:53:02.545" type="response" statusCode="202" statusText="Accepted" Server="Microsoft-IIS/10.0" x-ms-request-id="fb54be0a-6234-4175-b938-ee4ad204af98" Retry-After="30" Cache-Control="private" X-AspNet-Version="4.0.30319" Location="https://poseereview.scm.azurewebsites.net/api/deployments/latest?deployer=OneDeploy&amp;time=2025-11-12_20-53-02Z" /><!-- duration: 0ms -->
</step><!-- duration: 750ms -->
