<step title="BackgroundTrace" date="2025-11-08T17:54:23.908" instance="dfddc9" url="/api/publish" method="POST" >
  <step title="Updating shutdown sentinel last write time" date="2025-11-08T17:54:23.923" SemaphoreCount="7" /><!-- duration: 0ms -->
  <step title="LockFile &apos;C:\home\site\locks\deployments.lock&apos; acquired" date="2025-11-08T17:54:23.939" /><!-- duration: 0ms -->
  <step title="Creating temporary deployment" date="2025-11-08T17:54:23.939" /><!-- duration: 63ms -->
  <step title="Performing fetch based deployment" date="2025-11-08T17:54:24.017" >
    <step title="Fetching changes." date="2025-11-08T17:54:24.111" /><!-- duration: 16ms -->
    <step title="Starting LocalZipHandler" date="2025-11-08T17:54:24.126" /><!-- duration: 16ms -->
    <step title="Cleaning up temp folders from previous zip deployments and extracting pushed zip file C:\local\Temp\zipdeploy\ft3ah1wy.zip (31.07 MB) to C:\local\Temp\zipdeploy\extracted" date="2025-11-08T17:54:24.158" /><!-- duration: 0ms -->
    <step title="Cleaning up temp folders from previous zip deployments and extracting pushed zip file C:\local\Temp\zipdeploy\ft3ah1wy.zip (31.07 MB) to C:\local\Temp\zipdeploy\extracted" date="2025-11-08T17:54:24.173" >
      <step title="Extracting 665 entries to C:\local\Temp\zipdeploy\extracted directory" date="2025-11-08T17:54:24.189" >
        <step title="Extracting to C:\local\Temp\zipdeploy\extracted\Azure.AI.OpenAI.dll ..." date="2025-11-08T17:54:24.189" /><!-- duration: 31ms -->
        <step title="Extracting to C:\local\Temp\zipdeploy\extracted\Azure.Data.Tables.dll ..." date="2025-11-08T17:54:24.220" /><!-- duration: 16ms -->
        <step title="Extracting to C:\local\Temp\zipdeploy\extracted\Azure.Core.dll ..." date="2025-11-08T17:54:24.251" /><!-- duration: 16ms -->
        <step title="Extracting to C:\local\Temp\zipdeploy\extracted\Azure.Storage.Blobs.dll ..." date="2025-11-08T17:54:24.267" /><!-- duration: 16ms -->
        <step title="Extracting to C:\local\Temp\zipdeploy\extracted\Azure.Storage.Common.dll ..." date="2025-11-08T17:54:24.298" /><!-- duration: 0ms -->
        <step title="Omitting extracting file traces ..." date="2025-11-08T17:54:24.314" /><!-- duration: 0ms -->
      </step><!-- duration: 1375ms -->
    </step><!-- duration: 1406ms -->
    <step title="Before sending BuildRequestReceived status to /api/updatedeploystatus" date="2025-11-08T17:54:25.580" /><!-- duration: 16ms -->
    <step title="DeploymentManager.Deploy(id:cdea96c024f0433b81c87067f6b95750)" date="2025-11-08T17:54:25.595" >
      <step title="Collecting changeset information" date="2025-11-08T17:54:25.611" /><!-- duration: 94ms -->
      <step title="Updating submodules" date="2025-11-08T17:54:25.705" >
        <step title="Updating submodules." date="2025-11-08T17:54:25.799" /><!-- duration: 0ms -->
      </step><!-- duration: 94ms -->
      <step title="Preparing deployment for commit id &apos;cdea96c024&apos;." date="2025-11-08T17:54:25.893" /><!-- duration: 0ms -->
      <step title="Determining deployment builder" date="2025-11-08T17:54:25.956" >
        <step title="Builder is OneDeployBuilder" date="2025-11-08T17:54:25.956" /><!-- duration: 16ms -->
      </step><!-- duration: 16ms -->
      <step title="Copying SSH keys" date="2025-11-08T17:54:25.987" /><!-- duration: 16ms -->
      <step title="Building" date="2025-11-08T17:54:26.003" >
        <step title="Running build. Project type: OneDeploy" date="2025-11-08T17:54:26.050" /><!-- duration: 0ms -->
        <step title="Copying the manifest" date="2025-11-08T17:54:26.097" /><!-- duration: 0ms -->
        <step title="Clean deploying to C:\home\site\wwwroot" date="2025-11-08T17:54:26.143" /><!-- duration: 0ms -->
        <step title="Generating deployment script." date="2025-11-08T17:54:26.190" /><!-- duration: 0ms -->
        <step title="Generating deployment script" date="2025-11-08T17:54:26.206" >
          <step title="Using the following command to generate deployment script: &apos;azure site deploymentscript -y --no-dot-deployment -r &quot;C:\local\Temp\zipdeploy\extracted&quot; -o &quot;C:\home\site\deployments\tools&quot; --basic --sitePath &quot;C:\local\Temp\zipdeploy\extracted&quot;&apos;." date="2025-11-08T17:54:26.253" /><!-- duration: 0ms -->
          <step title="Executing external process" date="2025-11-08T17:54:26.268" type="process" path="starter.cmd" arguments="&quot;C:\Program Files (x86)\SiteExtensions\Kudu\2025.09.1.1\bin\node_modules\.bin\kuduscript.cmd&quot; -y --no-dot-deployment -r &quot;C:\local\Temp\zipdeploy\extracted&quot; -o &quot;C:\home\site\deployments\tools&quot; --basic --sitePath &quot;C:\local\Temp\zipdeploy\extracted&quot;" >
            <step title="Generating deployment script for Web Site" date="2025-11-08T17:54:26.440" /><!-- duration: 0ms -->
            <step title="Generated deployment script files" date="2025-11-08T17:54:26.440" /><!-- duration: 16ms -->
          </step><!-- duration: 187ms -->
          <step title="Saved cached version of the deployment script for command -y --no-dot-deployment -r &quot;C:\local\Temp\zipdeploy\extracted&quot; -o &quot;C:\home\site\deployments\tools&quot; --basic --sitePath &quot;C:\local\Temp\zipdeploy\extracted&quot;" date="2025-11-08T17:54:26.472" /><!-- duration: 16ms -->
        </step><!-- duration: 281ms -->
        <step title="Running deployment command..." date="2025-11-08T17:54:26.534" /><!-- duration: 16ms -->
        <step title="Command: &quot;C:\home\site\deployments\tools\deploy.cmd&quot;" date="2025-11-08T17:54:26.550" /><!-- duration: 0ms -->
        <step title="Executing external process" date="2025-11-08T17:54:26.565" type="process" path="starter.cmd" arguments="&quot;C:\home\site\deployments\tools\deploy.cmd&quot;" >
          <step title="Handling Basic Web Site deployment." date="2025-11-08T17:54:26.737" /><!-- duration: 0ms -->
          <step title="Creating app_offline.htm" date="2025-11-08T17:54:26.987" /><!-- duration: 0ms -->
          <step title="KuduSync.NET from: &apos;C:\local\Temp\zipdeploy\extracted&apos; to: &apos;C:\home\site\wwwroot&apos;" date="2025-11-08T17:54:27.003" /><!-- duration: 0ms -->
          <step title="Deleting file: &apos;hostingstart.html&apos;" date="2025-11-08T17:54:27.003" /><!-- duration: 0ms -->
          <step title="Copying file: &apos;appsettings.json&apos;" date="2025-11-08T17:54:27.018" /><!-- duration: 0ms -->
          <step title="Copying file: &apos;Azure.AI.OpenAI.dll&apos;" date="2025-11-08T17:54:27.018" /><!-- duration: 16ms -->
          <step title="Copying file: &apos;Azure.Core.dll&apos;" date="2025-11-08T17:54:27.034" /><!-- duration: 0ms -->
          <step title="Copying file: &apos;Azure.Data.Tables.dll&apos;" date="2025-11-08T17:54:27.050" /><!-- duration: 0ms -->
          <step title="Copying file: &apos;Azure.Storage.Blobs.dll&apos;" date="2025-11-08T17:54:27.050" /><!-- duration: 16ms -->
          <step title="Copying file: &apos;Azure.Storage.Common.dll&apos;" date="2025-11-08T17:54:27.065" /><!-- duration: 0ms -->
          <step title="Copying file: &apos;Microsoft.AI.DependencyCollector.dll&apos;" date="2025-11-08T17:54:27.081" /><!-- duration: 0ms -->
          <step title="Copying file: &apos;Microsoft.AI.EventCounterCollector.dll&apos;" date="2025-11-08T17:54:27.081" /><!-- duration: 16ms -->
          <step title="Copying file: &apos;Microsoft.AI.PerfCounterCollector.dll&apos;" date="2025-11-08T17:54:27.112" /><!-- duration: 0ms -->
          <step title="Copying file: &apos;Microsoft.AI.ServerTelemetryChannel.dll&apos;" date="2025-11-08T17:54:27.112" /><!-- duration: 16ms -->
          <step title="Copying file: &apos;Microsoft.AI.WindowsServer.dll&apos;" date="2025-11-08T17:54:27.128" /><!-- duration: 0ms -->
          <step title="Copying file: &apos;Microsoft.ApplicationInsights.AspNetCore.dll&apos;" date="2025-11-08T17:54:27.143" /><!-- duration: 0ms -->
          <step title="Copying file: &apos;Microsoft.ApplicationInsights.dll&apos;" date="2025-11-08T17:54:27.143" /><!-- duration: 0ms -->
          <step title="Copying file: &apos;Microsoft.AspNetCore.Authorization.dll&apos;" date="2025-11-08T17:54:27.159" /><!-- duration: 0ms -->
          <step title="Copying file: &apos;Microsoft.AspNetCore.Components.dll&apos;" date="2025-11-08T17:54:27.175" /><!-- duration: 0ms -->
          <step title="Copying file: &apos;Microsoft.AspNetCore.Components.Forms.dll&apos;" date="2025-11-08T17:54:27.175" /><!-- duration: 0ms -->
          <step title="Copying file: &apos;Microsoft.AspNetCore.Components.Web.dll&apos;" date="2025-11-08T17:54:27.190" /><!-- duration: 0ms -->
          <step title="Copying file: &apos;Microsoft.AspNetCore.Components.WebAssembly.dll&apos;" date="2025-11-08T17:54:27.190" /><!-- duration: 16ms -->
          <step title="Copying file: &apos;Microsoft.AspNetCore.Components.WebAssembly.Server.dll&apos;" date="2025-11-08T17:54:27.206" /><!-- duration: 0ms -->
          <step title="Copying file: &apos;Microsoft.AspNetCore.Metadata.dll&apos;" date="2025-11-08T17:54:27.206" /><!-- duration: 16ms -->
          <step title="Copying file: &apos;Microsoft.AspNetCore.OpenApi.dll&apos;" date="2025-11-08T17:54:27.237" /><!-- duration: 16ms -->
          <step title="Copying file: &apos;Microsoft.Bcl.AsyncInterfaces.dll&apos;" date="2025-11-08T17:54:27.253" /><!-- duration: 0ms -->
          <step title="Copying file: &apos;Microsoft.Extensions.AmbientMetadata.Application.dll&apos;" date="2025-11-08T17:54:27.269" /><!-- duration: 0ms -->
          <step title="Copying file: &apos;Microsoft.Extensions.Compliance.Abstractions.dll&apos;" date="2025-11-08T17:54:27.269" /><!-- duration: 16ms -->
          <step title="Copying file: &apos;Microsoft.Extensions.Configuration.Abstractions.dll&apos;" date="2025-11-08T17:54:27.284" /><!-- duration: 0ms -->
          <step title="Copying file: &apos;Microsoft.Extensions.Configuration.Binder.dll&apos;" date="2025-11-08T17:54:27.300" /><!-- duration: 0ms -->
          <step title="Copying file: &apos;Microsoft.Extensions.Configuration.dll&apos;" date="2025-11-08T17:54:27.315" /><!-- duration: 0ms -->
          <step title="Copying file: &apos;Microsoft.Extensions.Configuration.FileExtensions.dll&apos;" date="2025-11-08T17:54:27.315" /><!-- duration: 16ms -->
          <step title="Copying file: &apos;Microsoft.Extensions.Configuration.Json.dll&apos;" date="2025-11-08T17:54:27.331" /><!-- duration: 0ms -->
          <step title="Copying file: &apos;Microsoft.Extensions.DependencyInjection.Abstractions.dll&apos;" date="2025-11-08T17:54:27.347" /><!-- duration: 0ms -->
          <step title="Copying file: &apos;Microsoft.Extensions.DependencyInjection.AutoActivation.dll&apos;" date="2025-11-08T17:54:27.378" /><!-- duration: 0ms -->
          <step title="Copying file: &apos;Microsoft.Extensions.DependencyInjection.dll&apos;" date="2025-11-08T17:54:27.394" /><!-- duration: 0ms -->
          <step title="Copying file: &apos;Microsoft.Extensions.DependencyModel.dll&apos;" date="2025-11-08T17:54:27.394" /><!-- duration: 0ms -->
          <step title="Copying file: &apos;Microsoft.Extensions.Diagnostics.Abstractions.dll&apos;" date="2025-11-08T17:54:27.409" /><!-- duration: 0ms -->
          <step title="Copying file: &apos;Microsoft.Extensions.Diagnostics.dll&apos;" date="2025-11-08T17:54:27.409" /><!-- duration: 16ms -->
          <step title="Copying file: &apos;Microsoft.Extensions.Diagnostics.ExceptionSummarization.dll&apos;" date="2025-11-08T17:54:27.425" /><!-- duration: 0ms -->
          <step title="Copying file: &apos;Microsoft.Extensions.FileProviders.Abstractions.dll&apos;" date="2025-11-08T17:54:27.440" /><!-- duration: 0ms -->
          <step title="Copying file: &apos;Microsoft.Extensions.FileProviders.Physical.dll&apos;" date="2025-11-08T17:54:27.440" /><!-- duration: 0ms -->
          <step title="Copying file: &apos;Microsoft.Extensions.FileSystemGlobbing.dll&apos;" date="2025-11-08T17:54:27.456" /><!-- duration: 0ms -->
          <step title="Copying file: &apos;Microsoft.Extensions.Hosting.Abstractions.dll&apos;" date="2025-11-08T17:54:27.456" /><!-- duration: 0ms -->
          <step title="Copying file: &apos;Microsoft.Extensions.Http.Diagnostics.dll&apos;" date="2025-11-08T17:54:27.472" /><!-- duration: 0ms -->
          <step title="Copying file: &apos;Microsoft.Extensions.Http.dll&apos;" date="2025-11-08T17:54:27.503" /><!-- duration: 0ms -->
          <step title="Copying file: &apos;Microsoft.Extensions.Http.Polly.dll&apos;" date="2025-11-08T17:54:27.503" /><!-- duration: 0ms -->
          <step title="Copying file: &apos;Microsoft.Extensions.Http.Resilience.dll&apos;" date="2025-11-08T17:54:27.519" /><!-- duration: 16ms -->
          <step title="Copying file: &apos;Microsoft.Extensions.Logging.Abstractions.dll&apos;" date="2025-11-08T17:54:27.534" /><!-- duration: 0ms -->
          <step title="Copying file: &apos;Microsoft.Extensions.Logging.ApplicationInsights.dll&apos;" date="2025-11-08T17:54:27.550" /><!-- duration: 0ms -->
          <step title="Copying file: &apos;Microsoft.Extensions.Logging.Configuration.dll&apos;" date="2025-11-08T17:54:27.550" /><!-- duration: 0ms -->
          <step title="Omitting next output lines..." date="2025-11-08T17:54:27.565" /><!-- duration: 0ms -->
          <step title="Finished successfully." date="2025-11-08T17:54:32.255" /><!-- duration: 16ms -->
        </step><!-- duration: 5706ms -->
        <step title="Build completed succesfully." date="2025-11-08T17:54:32.318" /><!-- duration: 0ms -->
        <step title="Running post deployment command(s)..." date="2025-11-08T17:54:32.365" /><!-- duration: 0ms -->
        <step title="Requesting site restart" date="2025-11-08T17:54:32.443" /><!-- duration: 0ms -->
        <step title="Requesting site restart" date="2025-11-08T17:54:32.458" /><!-- duration: 0ms -->
        <step title="Requesting site restart. Attempt #1" date="2025-11-08T17:54:32.536" /><!-- duration: 16ms -->
        <step title="Requesting site restart. Attempt #1" date="2025-11-08T17:54:32.552" /><!-- duration: 0ms -->
        <step title="Successfully requested a restart. Attempt #1" date="2025-11-08T17:54:33.146" /><!-- duration: 0ms -->
        <step title="Successfully requested a restart. Attempt #1" date="2025-11-08T17:54:33.146" /><!-- duration: 16ms -->
        <step title="Deployment successful. DEPLOYMENTINFO: deploymentPath = OneDeploy, deployer = OneDeploy, os = windows, sku = Free, siteName = PoSeeReview, siteHostName = poseereview.azurewebsites.net, deploymentStatus = Success" date="2025-11-08T17:54:33.208" /><!-- duration: 0ms -->
      </step><!-- duration: 7556ms -->
    </step><!-- duration: 7964ms -->
    <step title="Cleaning up temp files" date="2025-11-08T17:54:33.559" /><!-- duration: 16ms -->
    <step title="Skip function trigger and logicapp sync because function is not enabled." date="2025-11-08T17:54:33.575" /><!-- duration: 0ms -->
  </step><!-- duration: 9589ms -->
  <step title="LockFile &apos;C:\home\site\locks\deployments.lock&apos; released" date="2025-11-08T17:54:33.622" /><!-- duration: 0ms -->
  <step title="Deleting shutdown sentinel file" date="2025-11-08T17:54:33.622" SemaphoreCount="8" /><!-- duration: 16ms -->
</step><!-- duration: 9730ms -->
