<step title="BackgroundTrace" date="2025-11-08T17:59:34.102" instance="dfddc9" url="/api/publish" method="POST" >
  <step title="Updating shutdown sentinel last write time" date="2025-11-08T17:59:34.118" SemaphoreCount="7" /><!-- duration: 0ms -->
  <step title="LockFile &apos;C:\home\site\locks\deployments.lock&apos; acquired" date="2025-11-08T17:59:34.133" /><!-- duration: 0ms -->
  <step title="Creating temporary deployment" date="2025-11-08T17:59:34.133" /><!-- duration: 47ms -->
  <step title="Performing fetch based deployment" date="2025-11-08T17:59:34.196" >
    <step title="Fetching changes." date="2025-11-08T17:59:34.243" /><!-- duration: 16ms -->
    <step title="Starting LocalZipHandler" date="2025-11-08T17:59:34.274" /><!-- duration: 0ms -->
    <step title="Cleaning up temp folders from previous zip deployments and extracting pushed zip file C:\local\Temp\zipdeploy\1e20gbts.zip (31.07 MB) to C:\local\Temp\zipdeploy\extracted" date="2025-11-08T17:59:34.321" /><!-- duration: 0ms -->
    <step title="Cleaning up temp folders from previous zip deployments and extracting pushed zip file C:\local\Temp\zipdeploy\1e20gbts.zip (31.07 MB) to C:\local\Temp\zipdeploy\extracted" date="2025-11-08T17:59:34.321" >
      <step title="Renaming extractTargetDirectory(C:\local\Temp\zipdeploy\extracted) to tempDirectory(C:\local\Temp\zipdeploy\uyvj5uas.3b3)" date="2025-11-08T17:59:34.321" /><!-- duration: 16ms -->
      <step title="Extracting 665 entries to C:\local\Temp\zipdeploy\extracted directory" date="2025-11-08T17:59:34.352" >
        <step title="Extracting to C:\local\Temp\zipdeploy\extracted\Azure.AI.OpenAI.dll ..." date="2025-11-08T17:59:34.352" /><!-- duration: 31ms -->
        <step title="Extracting to C:\local\Temp\zipdeploy\extracted\Azure.Core.dll ..." date="2025-11-08T17:59:34.383" /><!-- duration: 16ms -->
        <step title="Extracting to C:\local\Temp\zipdeploy\extracted\Azure.Data.Tables.dll ..." date="2025-11-08T17:59:34.399" /><!-- duration: 16ms -->
        <step title="Extracting to C:\local\Temp\zipdeploy\extracted\Azure.Storage.Blobs.dll ..." date="2025-11-08T17:59:34.415" /><!-- duration: 31ms -->
        <step title="Extracting to C:\local\Temp\zipdeploy\extracted\Azure.Storage.Common.dll ..." date="2025-11-08T17:59:34.446" /><!-- duration: 16ms -->
        <step title="Omitting extracting file traces ..." date="2025-11-08T17:59:34.462" /><!-- duration: 16ms -->
      </step><!-- duration: 1313ms -->
    </step><!-- duration: 1359ms -->
    <step title="Before sending BuildRequestReceived status to /api/updatedeploystatus" date="2025-11-08T17:59:35.680" /><!-- duration: 0ms -->
    <step title="DeploymentManager.Deploy(id:f7f6c985e2d54190ad9b0ccc49768ec1)" date="2025-11-08T17:59:35.696" >
      <step title="Collecting changeset information" date="2025-11-08T17:59:35.712" /><!-- duration: 31ms -->
      <step title="Updating submodules" date="2025-11-08T17:59:35.743" >
        <step title="Updating submodules." date="2025-11-08T17:59:35.790" /><!-- duration: 0ms -->
      </step><!-- duration: 47ms -->
      <step title="Preparing deployment for commit id &apos;f7f6c985e2&apos;." date="2025-11-08T17:59:35.837" /><!-- duration: 0ms -->
      <step title="Determining deployment builder" date="2025-11-08T17:59:35.899" >
        <step title="Builder is OneDeployBuilder" date="2025-11-08T17:59:35.899" /><!-- duration: 16ms -->
      </step><!-- duration: 31ms -->
      <step title="Copying SSH keys" date="2025-11-08T17:59:35.946" /><!-- duration: 0ms -->
      <step title="Building" date="2025-11-08T17:59:35.946" >
        <step title="Running build. Project type: OneDeploy" date="2025-11-08T17:59:35.977" /><!-- duration: 16ms -->
        <step title="Copying the manifest" date="2025-11-08T17:59:36.040" /><!-- duration: 0ms -->
        <step title="Clean deploying to C:\home\site\wwwroot" date="2025-11-08T17:59:36.071" /><!-- duration: 16ms -->
        <step title="Generating deployment script." date="2025-11-08T17:59:36.118" /><!-- duration: 16ms -->
        <step title="Generating deployment script" date="2025-11-08T17:59:36.134" >
          <step title="Using cached version of the deployment script for command: -y --no-dot-deployment -r &quot;C:\local\Temp\zipdeploy\extracted&quot; -o &quot;C:\home\site\deployments\tools&quot; --basic --sitePath &quot;C:\local\Temp\zipdeploy\extracted&quot;" date="2025-11-08T17:59:36.180" /><!-- duration: 16ms -->
          <step title="Using cached version of deployment script (command: &apos;azure -y --no-dot-deployment -r &quot;C:\local\Temp\zipdeploy\extracted&quot; -o &quot;C:\home\site\deployments\tools&quot; --basic --sitePath &quot;C:\local\Temp\zipdeploy\extracted&quot;&apos;)." date="2025-11-08T17:59:36.212" /><!-- duration: 0ms -->
        </step><!-- duration: 78ms -->
        <step title="Running deployment command..." date="2025-11-08T17:59:36.259" /><!-- duration: 16ms -->
        <step title="Command: &quot;C:\home\site\deployments\tools\deploy.cmd&quot;" date="2025-11-08T17:59:36.274" /><!-- duration: 16ms -->
        <step title="Executing external process" date="2025-11-08T17:59:36.290" type="process" path="starter.cmd" arguments="&quot;C:\home\site\deployments\tools\deploy.cmd&quot;" >
          <step title="Handling Basic Web Site deployment." date="2025-11-08T17:59:36.462" /><!-- duration: 0ms -->
          <step title="Creating app_offline.htm" date="2025-11-08T17:59:36.790" /><!-- duration: 0ms -->
          <step title="KuduSync.NET from: &apos;C:\local\Temp\zipdeploy\extracted&apos; to: &apos;C:\home\site\wwwroot&apos;" date="2025-11-08T17:59:36.805" /><!-- duration: 0ms -->
          <step title="Copying file: &apos;appsettings.json&apos;" date="2025-11-08T17:59:36.805" /><!-- duration: 16ms -->
          <step title="Copying file: &apos;Po.SeeReview.Api&apos;" date="2025-11-08T17:59:36.821" /><!-- duration: 0ms -->
          <step title="Copying file: &apos;Po.SeeReview.Api.deps.json&apos;" date="2025-11-08T17:59:36.837" /><!-- duration: 0ms -->
          <step title="Copying file: &apos;Po.SeeReview.Api.dll&apos;" date="2025-11-08T17:59:36.837" /><!-- duration: 16ms -->
          <step title="Copying file: &apos;Po.SeeReview.Api.pdb&apos;" date="2025-11-08T17:59:36.852" /><!-- duration: 0ms -->
          <step title="Copying file: &apos;Po.SeeReview.Api.runtimeconfig.json&apos;" date="2025-11-08T17:59:36.868" /><!-- duration: 0ms -->
          <step title="Copying file: &apos;Po.SeeReview.Api.staticwebassets.endpoints.json&apos;" date="2025-11-08T17:59:36.884" /><!-- duration: 0ms -->
          <step title="Copying file: &apos;Po.SeeReview.Api.xml&apos;" date="2025-11-08T17:59:36.884" /><!-- duration: 0ms -->
          <step title="Copying file: &apos;Po.SeeReview.Client.dll&apos;" date="2025-11-08T17:59:36.899" /><!-- duration: 0ms -->
          <step title="Copying file: &apos;Po.SeeReview.Client.pdb&apos;" date="2025-11-08T17:59:36.899" /><!-- duration: 16ms -->
          <step title="Copying file: &apos;Po.SeeReview.Core.dll&apos;" date="2025-11-08T17:59:36.915" /><!-- duration: 0ms -->
          <step title="Copying file: &apos;Po.SeeReview.Core.pdb&apos;" date="2025-11-08T17:59:36.930" /><!-- duration: 0ms -->
          <step title="Copying file: &apos;Po.SeeReview.Infrastructure.dll&apos;" date="2025-11-08T17:59:36.930" /><!-- duration: 0ms -->
          <step title="Copying file: &apos;Po.SeeReview.Infrastructure.pdb&apos;" date="2025-11-08T17:59:36.946" /><!-- duration: 0ms -->
          <step title="Copying file: &apos;Po.SeeReview.Shared.dll&apos;" date="2025-11-08T17:59:36.946" /><!-- duration: 0ms -->
          <step title="Copying file: &apos;Po.SeeReview.Shared.pdb&apos;" date="2025-11-08T17:59:36.962" /><!-- duration: 0ms -->
          <step title="Copying file: &apos;wwwroot\favicon.png&apos;" date="2025-11-08T17:59:36.962" /><!-- duration: 16ms -->
          <step title="Copying file: &apos;wwwroot\geolocation.js&apos;" date="2025-11-08T17:59:36.977" /><!-- duration: 0ms -->
          <step title="Copying file: &apos;wwwroot\geolocation.js.br&apos;" date="2025-11-08T17:59:36.993" /><!-- duration: 0ms -->
          <step title="Copying file: &apos;wwwroot\geolocation.js.gz&apos;" date="2025-11-08T17:59:37.009" /><!-- duration: 0ms -->
          <step title="Copying file: &apos;wwwroot\icon-192.png&apos;" date="2025-11-08T17:59:37.009" /><!-- duration: 0ms -->
          <step title="Copying file: &apos;wwwroot\index.html&apos;" date="2025-11-08T17:59:37.024" /><!-- duration: 0ms -->
          <step title="Copying file: &apos;wwwroot\index.html.br&apos;" date="2025-11-08T17:59:37.024" /><!-- duration: 16ms -->
          <step title="Copying file: &apos;wwwroot\index.html.gz&apos;" date="2025-11-08T17:59:37.040" /><!-- duration: 0ms -->
          <step title="Copying file: &apos;wwwroot\Po.SeeReview.Api.modules.json&apos;" date="2025-11-08T17:59:37.056" /><!-- duration: 0ms -->
          <step title="Copying file: &apos;wwwroot\Po.SeeReview.Api.modules.json.br&apos;" date="2025-11-08T17:59:37.056" /><!-- duration: 0ms -->
          <step title="Copying file: &apos;wwwroot\Po.SeeReview.Api.modules.json.gz&apos;" date="2025-11-08T17:59:37.071" /><!-- duration: 0ms -->
          <step title="Copying file: &apos;wwwroot\Po.SeeReview.Api.styles.css&apos;" date="2025-11-08T17:59:37.071" /><!-- duration: 16ms -->
          <step title="Copying file: &apos;wwwroot\Po.SeeReview.Api.styles.css.br&apos;" date="2025-11-08T17:59:37.087" /><!-- duration: 0ms -->
          <step title="Copying file: &apos;wwwroot\Po.SeeReview.Api.styles.css.gz&apos;" date="2025-11-08T17:59:37.102" /><!-- duration: 0ms -->
          <step title="Copying file: &apos;wwwroot\Po.SeeReview.Client.styles.css&apos;" date="2025-11-08T17:59:37.118" /><!-- duration: 0ms -->
          <step title="Copying file: &apos;wwwroot\Po.SeeReview.Client.styles.css.br&apos;" date="2025-11-08T17:59:37.118" /><!-- duration: 0ms -->
          <step title="Copying file: &apos;wwwroot\Po.SeeReview.Client.styles.css.gz&apos;" date="2025-11-08T17:59:37.134" /><!-- duration: 0ms -->
          <step title="Copying file: &apos;wwwroot\share-utils.js&apos;" date="2025-11-08T17:59:37.149" /><!-- duration: 0ms -->
          <step title="Copying file: &apos;wwwroot\share-utils.js.br&apos;" date="2025-11-08T17:59:37.149" /><!-- duration: 0ms -->
          <step title="Copying file: &apos;wwwroot\share-utils.js.gz&apos;" date="2025-11-08T17:59:37.165" /><!-- duration: 0ms -->
          <step title="Copying file: &apos;wwwroot\css\app.css&apos;" date="2025-11-08T17:59:37.165" /><!-- duration: 16ms -->
          <step title="Copying file: &apos;wwwroot\css\app.css.br&apos;" date="2025-11-08T17:59:37.180" /><!-- duration: 0ms -->
          <step title="Copying file: &apos;wwwroot\css\app.css.gz&apos;" date="2025-11-08T17:59:37.196" /><!-- duration: 0ms -->
          <step title="Copying file: &apos;wwwroot\lib\bootstrap\dist\css\bootstrap-grid.css&apos;" date="2025-11-08T17:59:37.196" /><!-- duration: 0ms -->
          <step title="Copying file: &apos;wwwroot\lib\bootstrap\dist\css\bootstrap-grid.css.br&apos;" date="2025-11-08T17:59:37.212" /><!-- duration: 0ms -->
          <step title="Copying file: &apos;wwwroot\lib\bootstrap\dist\css\bootstrap-grid.css.gz&apos;" date="2025-11-08T17:59:37.212" /><!-- duration: 31ms -->
          <step title="Copying file: &apos;wwwroot\lib\bootstrap\dist\css\bootstrap-grid.css.map&apos;" date="2025-11-08T17:59:37.259" /><!-- duration: 0ms -->
          <step title="Copying file: &apos;wwwroot\lib\bootstrap\dist\css\bootstrap-grid.css.map.br&apos;" date="2025-11-08T17:59:37.259" /><!-- duration: 16ms -->
          <step title="Copying file: &apos;wwwroot\lib\bootstrap\dist\css\bootstrap-grid.css.map.gz&apos;" date="2025-11-08T17:59:37.274" /><!-- duration: 0ms -->
          <step title="Copying file: &apos;wwwroot\lib\bootstrap\dist\css\bootstrap-grid.min.css&apos;" date="2025-11-08T17:59:37.290" /><!-- duration: 0ms -->
          <step title="Copying file: &apos;wwwroot\lib\bootstrap\dist\css\bootstrap-grid.min.css.br&apos;" date="2025-11-08T17:59:37.290" /><!-- duration: 16ms -->
          <step title="Copying file: &apos;wwwroot\lib\bootstrap\dist\css\bootstrap-grid.min.css.gz&apos;" date="2025-11-08T17:59:37.305" /><!-- duration: 0ms -->
          <step title="Omitting next output lines..." date="2025-11-08T17:59:37.321" /><!-- duration: 0ms -->
          <step title="Finished successfully." date="2025-11-08T17:59:40.306" /><!-- duration: 16ms -->
        </step><!-- duration: 4032ms -->
        <step title="Build completed succesfully." date="2025-11-08T17:59:40.369" /><!-- duration: 0ms -->
        <step title="Running post deployment command(s)..." date="2025-11-08T17:59:40.400" /><!-- duration: 0ms -->
        <step title="Requesting site restart" date="2025-11-08T17:59:40.447" /><!-- duration: 0ms -->
        <step title="Requesting site restart" date="2025-11-08T17:59:40.462" /><!-- duration: 16ms -->
        <step title="Requesting site restart. Attempt #1" date="2025-11-08T17:59:40.509" /><!-- duration: 16ms -->
        <step title="Requesting site restart. Attempt #1" date="2025-11-08T17:59:40.525" /><!-- duration: 0ms -->
        <step title="Successfully requested a restart. Attempt #1" date="2025-11-08T17:59:40.916" /><!-- duration: 0ms -->
        <step title="Successfully requested a restart. Attempt #1" date="2025-11-08T17:59:40.916" /><!-- duration: 0ms -->
        <step title="Deployment successful. DEPLOYMENTINFO: deploymentPath = OneDeploy, deployer = OneDeploy, os = windows, sku = Free, siteName = PoSeeReview, siteHostName = poseereview.azurewebsites.net, deploymentStatus = Success" date="2025-11-08T17:59:40.962" /><!-- duration: 0ms -->
      </step><!-- duration: 5110ms -->
    </step><!-- duration: 5376ms -->
    <step title="Cleaning up temp files" date="2025-11-08T17:59:41.087" /><!-- duration: 0ms -->
    <step title="Skip function trigger and logicapp sync because function is not enabled." date="2025-11-08T17:59:41.087" /><!-- duration: 16ms -->
  </step><!-- duration: 6923ms -->
  <step title="LockFile &apos;C:\home\site\locks\deployments.lock&apos; released" date="2025-11-08T17:59:41.119" /><!-- duration: 0ms -->
  <step title="Deleting shutdown sentinel file" date="2025-11-08T17:59:41.135" SemaphoreCount="8" /><!-- duration: 0ms -->
</step><!-- duration: 7032ms -->
