<step title="BackgroundTrace" date="2025-11-12T20:53:02.482" instance="dfddc9" url="/api/publish" method="POST" >
  <step title="Updating shutdown sentinel last write time" date="2025-11-12T20:53:02.498" SemaphoreCount="7" /><!-- duration: 0ms -->
  <step title="LockFile &apos;C:\home\site\locks\deployments.lock&apos; acquired" date="2025-11-12T20:53:02.498" /><!-- duration: 16ms -->
  <step title="Creating temporary deployment" date="2025-11-12T20:53:02.514" /><!-- duration: 16ms -->
  <step title="Performing fetch based deployment" date="2025-11-12T20:53:02.545" >
    <step title="Fetching changes." date="2025-11-12T20:53:02.576" /><!-- duration: 16ms -->
    <step title="Starting LocalZipHandler" date="2025-11-12T20:53:02.592" /><!-- duration: 16ms -->
    <step title="Cleaning up temp folders from previous zip deployments and extracting pushed zip file C:\local\Temp\zipdeploy\wyboglqr.zip (32.16 MB) to C:\local\Temp\zipdeploy\extracted" date="2025-11-12T20:53:02.623" /><!-- duration: 16ms -->
    <step title="Cleaning up temp folders from previous zip deployments and extracting pushed zip file C:\local\Temp\zipdeploy\wyboglqr.zip (32.16 MB) to C:\local\Temp\zipdeploy\extracted" date="2025-11-12T20:53:02.639" >
      <step title="Renaming extractTargetDirectory(C:\local\Temp\zipdeploy\extracted) to tempDirectory(C:\local\Temp\zipdeploy\dg4wa0fh.icb)" date="2025-11-12T20:53:02.654" /><!-- duration: 0ms -->
      <step title="Extracting 680 entries to C:\local\Temp\zipdeploy\extracted directory" date="2025-11-12T20:53:02.670" >
        <step title="Extracting to C:\local\Temp\zipdeploy\extracted\Azure.AI.OpenAI.dll ..." date="2025-11-12T20:53:02.670" /><!-- duration: 0ms -->
        <step title="Extracting to C:\local\Temp\zipdeploy\extracted\Azure.Core.dll ..." date="2025-11-12T20:53:02.685" /><!-- duration: 0ms -->
        <step title="Extracting to C:\local\Temp\zipdeploy\extracted\Azure.Data.Tables.dll ..." date="2025-11-12T20:53:02.701" /><!-- duration: 0ms -->
        <step title="Extracting to C:\local\Temp\zipdeploy\extracted\Azure.Extensions.AspNetCore.Configuration.Secrets.dll ..." date="2025-11-12T20:53:02.701" /><!-- duration: 16ms -->
        <step title="Extracting to C:\local\Temp\zipdeploy\extracted\Azure.Identity.dll ..." date="2025-11-12T20:53:02.717" /><!-- duration: 0ms -->
        <step title="Omitting extracting file traces ..." date="2025-11-12T20:53:02.732" /><!-- duration: 0ms -->
      </step><!-- duration: 1422ms -->
    </step><!-- duration: 1452ms -->
    <step title="Before sending BuildRequestReceived status to /api/updatedeploystatus" date="2025-11-12T20:53:04.092" /><!-- duration: 0ms -->
    <step title="DeploymentManager.Deploy(id:4e72a854976c4c3dad957e460a8ab1a6)" date="2025-11-12T20:53:04.107" >
      <step title="Collecting changeset information" date="2025-11-12T20:53:04.107" /><!-- duration: 47ms -->
      <step title="Updating submodules" date="2025-11-12T20:53:04.155" >
        <step title="Updating submodules." date="2025-11-12T20:53:04.185" /><!-- duration: 31ms -->
      </step><!-- duration: 62ms -->
      <step title="Preparing deployment for commit id &apos;4e72a85497&apos;." date="2025-11-12T20:53:04.279" /><!-- duration: 0ms -->
      <step title="Determining deployment builder" date="2025-11-12T20:53:04.310" >
        <step title="Builder is OneDeployBuilder" date="2025-11-12T20:53:04.310" /><!-- duration: 0ms -->
      </step><!-- duration: 16ms -->
      <step title="Copying SSH keys" date="2025-11-12T20:53:04.342" /><!-- duration: 0ms -->
      <step title="Building" date="2025-11-12T20:53:04.357" >
        <step title="Running build. Project type: OneDeploy" date="2025-11-12T20:53:04.404" /><!-- duration: 0ms -->
        <step title="Copying the manifest" date="2025-11-12T20:53:04.435" /><!-- duration: 0ms -->
        <step title="Clean deploying to C:\home\site\wwwroot" date="2025-11-12T20:53:04.498" /><!-- duration: 0ms -->
        <step title="Generating deployment script." date="2025-11-12T20:53:04.529" /><!-- duration: 16ms -->
        <step title="Generating deployment script" date="2025-11-12T20:53:04.545" >
          <step title="Using cached version of the deployment script for command: -y --no-dot-deployment -r &quot;C:\local\Temp\zipdeploy\extracted&quot; -o &quot;C:\home\site\deployments\tools&quot; --basic --sitePath &quot;C:\local\Temp\zipdeploy\extracted&quot;" date="2025-11-12T20:53:04.545" /><!-- duration: 16ms -->
          <step title="Using cached version of deployment script (command: &apos;azure -y --no-dot-deployment -r &quot;C:\local\Temp\zipdeploy\extracted&quot; -o &quot;C:\home\site\deployments\tools&quot; --basic --sitePath &quot;C:\local\Temp\zipdeploy\extracted&quot;&apos;)." date="2025-11-12T20:53:04.576" /><!-- duration: 16ms -->
        </step><!-- duration: 47ms -->
        <step title="Running deployment command..." date="2025-11-12T20:53:04.639" /><!-- duration: 0ms -->
        <step title="Command: &quot;C:\home\site\deployments\tools\deploy.cmd&quot;" date="2025-11-12T20:53:04.639" /><!-- duration: 16ms -->
        <step title="Executing external process" date="2025-11-12T20:53:04.654" type="process" path="starter.cmd" arguments="&quot;C:\home\site\deployments\tools\deploy.cmd&quot;" >
          <step title="Handling Basic Web Site deployment." date="2025-11-12T20:53:04.810" /><!-- duration: 0ms -->
          <step title="Creating app_offline.htm" date="2025-11-12T20:53:05.139" /><!-- duration: 0ms -->
          <step title="KuduSync.NET from: &apos;C:\local\Temp\zipdeploy\extracted&apos; to: &apos;C:\home\site\wwwroot&apos;" date="2025-11-12T20:53:05.139" /><!-- duration: 0ms -->
          <step title="Copying file: &apos;appsettings.json&apos;" date="2025-11-12T20:53:05.154" /><!-- duration: 0ms -->
          <step title="Copying file: &apos;Po.SeeReview.Api&apos;" date="2025-11-12T20:53:05.154" /><!-- duration: 16ms -->
          <step title="Copying file: &apos;Po.SeeReview.Api.deps.json&apos;" date="2025-11-12T20:53:05.170" /><!-- duration: 0ms -->
          <step title="Copying file: &apos;Po.SeeReview.Api.dll&apos;" date="2025-11-12T20:53:05.185" /><!-- duration: 0ms -->
          <step title="Copying file: &apos;Po.SeeReview.Api.pdb&apos;" date="2025-11-12T20:53:05.185" /><!-- duration: 16ms -->
          <step title="Copying file: &apos;Po.SeeReview.Api.runtimeconfig.json&apos;" date="2025-11-12T20:53:05.201" /><!-- duration: 0ms -->
          <step title="Copying file: &apos;Po.SeeReview.Api.staticwebassets.endpoints.json&apos;" date="2025-11-12T20:53:05.217" /><!-- duration: 16ms -->
          <step title="Copying file: &apos;Po.SeeReview.Api.xml&apos;" date="2025-11-12T20:53:05.232" /><!-- duration: 0ms -->
          <step title="Copying file: &apos;Po.SeeReview.Client.dll&apos;" date="2025-11-12T20:53:05.248" /><!-- duration: 0ms -->
          <step title="Copying file: &apos;Po.SeeReview.Client.pdb&apos;" date="2025-11-12T20:53:05.248" /><!-- duration: 16ms -->
          <step title="Copying file: &apos;Po.SeeReview.Core.dll&apos;" date="2025-11-12T20:53:05.264" /><!-- duration: 0ms -->
          <step title="Copying file: &apos;Po.SeeReview.Core.pdb&apos;" date="2025-11-12T20:53:05.279" /><!-- duration: 0ms -->
          <step title="Copying file: &apos;Po.SeeReview.Infrastructure.dll&apos;" date="2025-11-12T20:53:05.279" /><!-- duration: 16ms -->
          <step title="Copying file: &apos;Po.SeeReview.Infrastructure.pdb&apos;" date="2025-11-12T20:53:05.295" /><!-- duration: 0ms -->
          <step title="Copying file: &apos;Po.SeeReview.Shared.dll&apos;" date="2025-11-12T20:53:05.310" /><!-- duration: 0ms -->
          <step title="Copying file: &apos;Po.SeeReview.Shared.pdb&apos;" date="2025-11-12T20:53:05.310" /><!-- duration: 16ms -->
          <step title="Copying file: &apos;wwwroot\favicon.png&apos;" date="2025-11-12T20:53:05.326" /><!-- duration: 16ms -->
          <step title="Copying file: &apos;wwwroot\geolocation.js&apos;" date="2025-11-12T20:53:05.342" /><!-- duration: 20ms -->
          <step title="Copying file: &apos;wwwroot\geolocation.js.br&apos;" date="2025-11-12T20:53:05.375" /><!-- duration: 0ms -->
          <step title="Copying file: &apos;wwwroot\geolocation.js.gz&apos;" date="2025-11-12T20:53:05.375" /><!-- duration: 13ms -->
          <step title="Copying file: &apos;wwwroot\icon-192.png&apos;" date="2025-11-12T20:53:05.389" /><!-- duration: 0ms -->
          <step title="Copying file: &apos;wwwroot\index.html&apos;" date="2025-11-12T20:53:05.404" /><!-- duration: 0ms -->
          <step title="Copying file: &apos;wwwroot\index.html.br&apos;" date="2025-11-12T20:53:05.420" /><!-- duration: 0ms -->
          <step title="Copying file: &apos;wwwroot\index.html.gz&apos;" date="2025-11-12T20:53:05.420" /><!-- duration: 16ms -->
          <step title="Copying file: &apos;wwwroot\Po.SeeReview.Api.modules.json&apos;" date="2025-11-12T20:53:05.435" /><!-- duration: 0ms -->
          <step title="Copying file: &apos;wwwroot\Po.SeeReview.Api.modules.json.br&apos;" date="2025-11-12T20:53:05.451" /><!-- duration: 0ms -->
          <step title="Copying file: &apos;wwwroot\Po.SeeReview.Api.modules.json.gz&apos;" date="2025-11-12T20:53:05.451" /><!-- duration: 16ms -->
          <step title="Copying file: &apos;wwwroot\Po.SeeReview.Api.styles.css&apos;" date="2025-11-12T20:53:05.467" /><!-- duration: 0ms -->
          <step title="Copying file: &apos;wwwroot\Po.SeeReview.Api.styles.css.br&apos;" date="2025-11-12T20:53:05.498" /><!-- duration: 0ms -->
          <step title="Copying file: &apos;wwwroot\Po.SeeReview.Api.styles.css.gz&apos;" date="2025-11-12T20:53:05.514" /><!-- duration: 0ms -->
          <step title="Copying file: &apos;wwwroot\Po.SeeReview.Client.styles.css&apos;" date="2025-11-12T20:53:05.514" /><!-- duration: 16ms -->
          <step title="Copying file: &apos;wwwroot\Po.SeeReview.Client.styles.css.br&apos;" date="2025-11-12T20:53:05.529" /><!-- duration: 16ms -->
          <step title="Copying file: &apos;wwwroot\Po.SeeReview.Client.styles.css.gz&apos;" date="2025-11-12T20:53:05.545" /><!-- duration: 0ms -->
          <step title="Copying file: &apos;wwwroot\share-utils.js&apos;" date="2025-11-12T20:53:05.561" /><!-- duration: 0ms -->
          <step title="Copying file: &apos;wwwroot\share-utils.js.br&apos;" date="2025-11-12T20:53:05.576" /><!-- duration: 0ms -->
          <step title="Copying file: &apos;wwwroot\share-utils.js.gz&apos;" date="2025-11-12T20:53:05.576" /><!-- duration: 16ms -->
          <step title="Copying file: &apos;wwwroot\css\app.css&apos;" date="2025-11-12T20:53:05.592" /><!-- duration: 0ms -->
          <step title="Copying file: &apos;wwwroot\css\app.css.br&apos;" date="2025-11-12T20:53:05.607" /><!-- duration: 0ms -->
          <step title="Copying file: &apos;wwwroot\css\app.css.gz&apos;" date="2025-11-12T20:53:05.623" /><!-- duration: 0ms -->
          <step title="Copying file: &apos;wwwroot\lib\bootstrap\dist\css\bootstrap-grid.css&apos;" date="2025-11-12T20:53:05.639" /><!-- duration: 0ms -->
          <step title="Copying file: &apos;wwwroot\lib\bootstrap\dist\css\bootstrap-grid.css.br&apos;" date="2025-11-12T20:53:05.639" /><!-- duration: 0ms -->
          <step title="Copying file: &apos;wwwroot\lib\bootstrap\dist\css\bootstrap-grid.css.gz&apos;" date="2025-11-12T20:53:05.654" /><!-- duration: 0ms -->
          <step title="Copying file: &apos;wwwroot\lib\bootstrap\dist\css\bootstrap-grid.css.map&apos;" date="2025-11-12T20:53:05.670" /><!-- duration: 0ms -->
          <step title="Copying file: &apos;wwwroot\lib\bootstrap\dist\css\bootstrap-grid.css.map.br&apos;" date="2025-11-12T20:53:05.670" /><!-- duration: 16ms -->
          <step title="Copying file: &apos;wwwroot\lib\bootstrap\dist\css\bootstrap-grid.css.map.gz&apos;" date="2025-11-12T20:53:05.685" /><!-- duration: 0ms -->
          <step title="Copying file: &apos;wwwroot\lib\bootstrap\dist\css\bootstrap-grid.min.css&apos;" date="2025-11-12T20:53:05.701" /><!-- duration: 0ms -->
          <step title="Copying file: &apos;wwwroot\lib\bootstrap\dist\css\bootstrap-grid.min.css.br&apos;" date="2025-11-12T20:53:05.701" /><!-- duration: 16ms -->
          <step title="Copying file: &apos;wwwroot\lib\bootstrap\dist\css\bootstrap-grid.min.css.gz&apos;" date="2025-11-12T20:53:05.717" /><!-- duration: 0ms -->
          <step title="Omitting next output lines..." date="2025-11-12T20:53:05.732" /><!-- duration: 0ms -->
          <step title="Finished successfully." date="2025-11-12T20:53:08.701" /><!-- duration: 0ms -->
        </step><!-- duration: 4047ms -->
        <step title="Build completed succesfully." date="2025-11-12T20:53:08.764" /><!-- duration: 0ms -->
        <step title="Running post deployment command(s)..." date="2025-11-12T20:53:08.795" /><!-- duration: 16ms -->
        <step title="Requesting site restart" date="2025-11-12T20:53:08.842" /><!-- duration: 0ms -->
        <step title="Requesting site restart" date="2025-11-12T20:53:08.842" /><!-- duration: 16ms -->
        <step title="Requesting site restart. Attempt #1" date="2025-11-12T20:53:08.889" /><!-- duration: 0ms -->
        <step title="Requesting site restart. Attempt #1" date="2025-11-12T20:53:08.905" /><!-- duration: 0ms -->
        <step title="Successfully requested a restart. Attempt #1" date="2025-11-12T20:53:09.045" /><!-- duration: 0ms -->
        <step title="Successfully requested a restart. Attempt #1" date="2025-11-12T20:53:09.045" /><!-- duration: 0ms -->
        <step title="Deployment successful. DEPLOYMENTINFO: deploymentPath = OneDeploy, deployer = OneDeploy, os = windows, sku = Free, siteName = PoSeeReview, siteHostName = poseereview.azurewebsites.net, deploymentStatus = Success" date="2025-11-12T20:53:09.092" /><!-- duration: 0ms -->
      </step><!-- duration: 4813ms -->
    </step><!-- duration: 5063ms -->
    <step title="Cleaning up temp files" date="2025-11-12T20:53:09.186" /><!-- duration: 0ms -->
    <step title="Skip function trigger and logicapp sync because function is not enabled." date="2025-11-12T20:53:09.186" /><!-- duration: 16ms -->
  </step><!-- duration: 6672ms -->
  <step title="LockFile &apos;C:\home\site\locks\deployments.lock&apos; released" date="2025-11-12T20:53:09.217" /><!-- duration: 0ms -->
  <step title="Deleting shutdown sentinel file" date="2025-11-12T20:53:09.217" SemaphoreCount="8" /><!-- duration: 16ms -->
</step><!-- duration: 6766ms -->
