<step title="Incoming Request" date="2025-11-08T17:59:33.446" instance="dfddc9" url="/api/publish?async=true&amp;deployer=GITHUB_ONE_DEPLOY&amp;type=zip&amp;message=%7B%22type%22%3A%22deployment%22%2C%22sha%22%3A%22e2ec2f6d92a404b192d1a647d85de1598b5c3bad%22%2C%22repoName%22%3A%22punkouter26%2FPoSeeReview%22%2C%22actor%22%3A%22punkouter26%22%2C%22slotName%22%3A%22production%22%2C%22commitMessage%22%3A%22Update%20gitignore%20for%20sensitive%20configuration%20scripts%22%7D" method="POST" type="request" pid="3008,2,8" Transfer-Encoding="chunked" Content-Type="application/octet-stream" Authorization="Bea..." Cookie="ARRAffinity=dfddc9f238daf42a0d21b4e2ebdeab03993d1ccc0043a4769faa65d176b3059e;Path=/;HttpOnly;Secure;Domain=poseereview.scm.azurewebsites.net; ARRAffinitySameSite=dfddc9f238daf42a0d21b4e2ebdeab03993d1ccc0043a4769faa65d176b3059e;Path=/;HttpOnly;SameSite=None;Secure;Domain=poseereview.scm.azurewebsites.net" Host="poseereview.scm.azurewebsites.net" User-Agent="GITHUBACTIONS_DeployWebAppToAzure_8842db0f694a3e98956e1b8020e7b1da82364a913cd77e2e97a4565fa1f8f874" X-ARR-LOG-ID="5166981c-b645-4a44-9247-392345717518" CLIENT-IP="68.220.62.178:56256" X-SITE-DEPLOYMENT-ID="PoSeeReview" WAS-DEFAULT-HOSTNAME="poseereview.scm.azurewebsites.net" X-Forwarded-Proto="https" X-AppService-Proto="https" X-Forwarded-TlsVersion="1.3" X-WAWS-Unencoded-URL="/api/publish?async=true&amp;deployer=GITHUB_ONE_DEPLOY&amp;type=zip&amp;message=%7B%22type%22%3A%22deployment%22%2C%22sha%22%3A%22e2ec2f6d92a404b192d1a647d85de1598b5c3bad%22%2C%22repoName%22%3A%22punkouter26%2FPoSeeReview%22%2C%22actor%22%3A%22punkouter26%22%2C%22slotName%22%3A%22production%22%2C%22commitMessage%22%3A%22Update%20gitignore%20for%20sensitive%20configuration%20scripts%22%7D" >
  <step title="OneDeploy" date="2025-11-08T17:59:33.540" >
    <step title="Starting PushDeployAsync" date="2025-11-08T17:59:33.571" /><!-- duration: 0ms -->
    <step title="Updating shutdown sentinel last write time" date="2025-11-08T17:59:33.618" SemaphoreCount="7" /><!-- duration: 0ms -->
    <step title="LockFile &apos;C:\home\site\locks\deployments.lock&apos; acquired" date="2025-11-08T17:59:33.634" /><!-- duration: 0ms -->
    <step title="Saving request content to C:\local\Temp\zipdeploy\1e20gbts.zip" date="2025-11-08T17:59:33.634" >
      <step title="Total 32,579,925 bytes written to C:\local\Temp\zipdeploy\1e20gbts.zip" date="2025-11-08T17:59:34.040" /><!-- duration: 16ms -->
    </step><!-- duration: 422ms -->
    <step title="LockFile &apos;C:\home\site\locks\deployments.lock&apos; released" date="2025-11-08T17:59:34.071" /><!-- duration: 0ms -->
    <step title="Deleting shutdown sentinel file" date="2025-11-08T17:59:34.071" SemaphoreCount="8" /><!-- duration: 16ms -->
    <step title="Starting FetchDeploy" date="2025-11-08T17:59:34.087" /><!-- duration: 0ms -->
    <step title="Start deployment in the background" date="2025-11-08T17:59:34.102" /><!-- duration: 78ms -->
  </step><!-- duration: 656ms -->
  <step title="Outgoing response" date="2025-11-08T17:59:34.196" type="response" statusCode="202" statusText="Accepted" Server="Microsoft-IIS/10.0" x-ms-request-id="5166981c-b645-4a44-9247-392345717518" Retry-After="30" Cache-Control="private" X-AspNet-Version="4.0.30319" Location="https://poseereview.scm.azurewebsites.net/api/deployments/latest?deployer=OneDeploy&amp;time=2025-11-08_17-59-34Z" /><!-- duration: 0ms -->
</step><!-- duration: 766ms -->
