<step title="Incoming Request" date="2025-11-12T20:52:26.410" instance="dfddc9" url="/api/publish?async=true&amp;deployer=GITHUB_ONE_DEPLOY&amp;type=zip&amp;message=%7B%22type%22%3A%22deployment%22%2C%22sha%22%3A%22a8516be845458e91f0a056f7d5d730af01226d4f%22%2C%22repoName%22%3A%22punkouter26%2FPoSeeReview%22%2C%22actor%22%3A%22punkouter26%22%2C%22slotName%22%3A%22production%22%2C%22commitMessage%22%3A%22fix%3A%20update%20CI%2FCD%20to%20trigger%20on%20master%20branch%20instead%20of%20clean-main%22%7D" method="POST" type="request" pid="7864,2,8" Transfer-Encoding="chunked" Content-Type="application/octet-stream" Authorization="Bea..." Cookie="ARRAffinity=dfddc9f238daf42a0d21b4e2ebdeab03993d1ccc0043a4769faa65d176b3059e;Path=/;HttpOnly;Secure;Domain=poseereview.scm.azurewebsites.net; ARRAffinitySameSite=dfddc9f238daf42a0d21b4e2ebdeab03993d1ccc0043a4769faa65d176b3059e;Path=/;HttpOnly;SameSite=None;Secure;Domain=poseereview.scm.azurewebsites.net" Host="poseereview.scm.azurewebsites.net" User-Agent="GITHUBACTIONS_DeployWebAppToAzure_8842db0f694a3e98956e1b8020e7b1da82364a913cd77e2e97a4565fa1f8f874" X-ARR-LOG-ID="e2d242f7-c1a2-4c50-9cd0-766f250312db" CLIENT-IP="132.196.82.136:20480" X-SITE-DEPLOYMENT-ID="PoSeeReview" WAS-DEFAULT-HOSTNAME="poseereview.scm.azurewebsites.net" X-Forwarded-Proto="https" X-AppService-Proto="https" X-Forwarded-TlsVersion="1.3" X-WAWS-Unencoded-URL="/api/publish?async=true&amp;deployer=GITHUB_ONE_DEPLOY&amp;type=zip&amp;message=%7B%22type%22%3A%22deployment%22%2C%22sha%22%3A%22a8516be845458e91f0a056f7d5d730af01226d4f%22%2C%22repoName%22%3A%22punkouter26%2FPoSeeReview%22%2C%22actor%22%3A%22punkouter26%22%2C%22slotName%22%3A%22production%22%2C%22commitMessage%22%3A%22fix%3A%20update%20CI%2FCD%20to%20trigger%20on%20master%20branch%20instead%20of%20clean-main%22%7D" >
  <step title="OneDeploy" date="2025-11-12T20:52:26.489" >
    <step title="Starting PushDeployAsync" date="2025-11-12T20:52:26.520" /><!-- duration: 0ms -->
    <step title="Updating shutdown sentinel last write time" date="2025-11-12T20:52:26.598" SemaphoreCount="7" /><!-- duration: 16ms -->
    <step title="LockFile &apos;C:\home\site\locks\deployments.lock&apos; acquired" date="2025-11-12T20:52:26.629" /><!-- duration: 0ms -->
    <step title="Saving request content to C:\local\Temp\zipdeploy\jxiqgtjv.zip" date="2025-11-12T20:52:26.645" >
      <step title="Total 33,723,557 bytes written to C:\local\Temp\zipdeploy\jxiqgtjv.zip" date="2025-11-12T20:52:26.926" /><!-- duration: 0ms -->
    </step><!-- duration: 297ms -->
    <step title="LockFile &apos;C:\home\site\locks\deployments.lock&apos; released" date="2025-11-12T20:52:26.942" /><!-- duration: 16ms -->
    <step title="Deleting shutdown sentinel file" date="2025-11-12T20:52:26.973" SemaphoreCount="8" /><!-- duration: 0ms -->
    <step title="Starting FetchDeploy" date="2025-11-12T20:52:26.989" /><!-- duration: 0ms -->
    <step title="Start deployment in the background" date="2025-11-12T20:52:26.989" /><!-- duration: 109ms -->
  </step><!-- duration: 609ms -->
  <step title="Outgoing response" date="2025-11-12T20:52:27.114" type="response" statusCode="202" statusText="Accepted" Server="Microsoft-IIS/10.0" x-ms-request-id="e2d242f7-c1a2-4c50-9cd0-766f250312db" Retry-After="30" Cache-Control="private" X-AspNet-Version="4.0.30319" Location="https://poseereview.scm.azurewebsites.net/api/deployments/latest?deployer=OneDeploy&amp;time=2025-11-12_20-52-27Z" /><!-- duration: 0ms -->
</step><!-- duration: 703ms -->
