<step title="Incoming Request" date="2025-11-08T17:54:23.236" instance="dfddc9" url="/api/publish?async=true&amp;deployer=GITHUB_ONE_DEPLOY&amp;type=zip&amp;message=%7B%22type%22%3A%22deployment%22%2C%22sha%22%3A%223e49784277074aa1e34889243dc528c6b8fba58c%22%2C%22repoName%22%3A%22punkouter26%2FPoSeeReview%22%2C%22actor%22%3A%22punkouter26%22%2C%22slotName%22%3A%22production%22%2C%22commitMessage%22%3A%22Rename%20app%20service%20to%20PoSeeReview%20and%20update%20deployment%20workflow%22%7D" method="POST" type="request" pid="9776,2,12" Transfer-Encoding="chunked" Content-Type="application/octet-stream" Authorization="Bea..." Cookie="ARRAffinity=dfddc9f238daf42a0d21b4e2ebdeab03993d1ccc0043a4769faa65d176b3059e;Path=/;HttpOnly;Secure;Domain=poseereview.scm.azurewebsites.net; ARRAffinitySameSite=dfddc9f238daf42a0d21b4e2ebdeab03993d1ccc0043a4769faa65d176b3059e;Path=/;HttpOnly;SameSite=None;Secure;Domain=poseereview.scm.azurewebsites.net" Host="poseereview.scm.azurewebsites.net" User-Agent="GITHUBACTIONS_DeployWebAppToAzure_8842db0f694a3e98956e1b8020e7b1da82364a913cd77e2e97a4565fa1f8f874" X-ARR-LOG-ID="6542d39f-fa21-45b7-8575-c252258e7838" CLIENT-IP="20.14.76.129:26632" X-SITE-DEPLOYMENT-ID="PoSeeReview" WAS-DEFAULT-HOSTNAME="poseereview.scm.azurewebsites.net" X-Forwarded-Proto="https" X-AppService-Proto="https" X-Forwarded-TlsVersion="1.3" X-WAWS-Unencoded-URL="/api/publish?async=true&amp;deployer=GITHUB_ONE_DEPLOY&amp;type=zip&amp;message=%7B%22type%22%3A%22deployment%22%2C%22sha%22%3A%223e49784277074aa1e34889243dc528c6b8fba58c%22%2C%22repoName%22%3A%22punkouter26%2FPoSeeReview%22%2C%22actor%22%3A%22punkouter26%22%2C%22slotName%22%3A%22production%22%2C%22commitMessage%22%3A%22Rename%20app%20service%20to%20PoSeeReview%20and%20update%20deployment%20workflow%22%7D" >
  <step title="OneDeploy" date="2025-11-08T17:54:23.314" >
    <step title="Starting PushDeployAsync" date="2025-11-08T17:54:23.345" /><!-- duration: 0ms -->
    <step title="Updating shutdown sentinel last write time" date="2025-11-08T17:54:23.408" SemaphoreCount="7" /><!-- duration: 0ms -->
    <step title="LockFile &apos;C:\home\site\locks\deployments.lock&apos; acquired" date="2025-11-08T17:54:23.408" /><!-- duration: 16ms -->
    <step title="Saving request content to C:\local\Temp\zipdeploy\ft3ah1wy.zip" date="2025-11-08T17:54:23.423" >
      <step title="Total 32,579,815 bytes written to C:\local\Temp\zipdeploy\ft3ah1wy.zip" date="2025-11-08T17:54:23.861" /><!-- duration: 0ms -->
    </step><!-- duration: 453ms -->
    <step title="LockFile &apos;C:\home\site\locks\deployments.lock&apos; released" date="2025-11-08T17:54:23.876" /><!-- duration: 0ms -->
    <step title="Deleting shutdown sentinel file" date="2025-11-08T17:54:23.892" SemaphoreCount="8" /><!-- duration: 0ms -->
    <step title="Starting FetchDeploy" date="2025-11-08T17:54:23.892" /><!-- duration: 16ms -->
    <step title="Start deployment in the background" date="2025-11-08T17:54:23.908" /><!-- duration: 109ms -->
  </step><!-- duration: 703ms -->
  <step title="Outgoing response" date="2025-11-08T17:54:24.017" type="response" statusCode="202" statusText="Accepted" Server="Microsoft-IIS/10.0" x-ms-request-id="6542d39f-fa21-45b7-8575-c252258e7838" Retry-After="30" Cache-Control="private" X-AspNet-Version="4.0.30319" Location="https://poseereview.scm.azurewebsites.net/api/deployments/latest?deployer=OneDeploy&amp;time=2025-11-08_17-54-24Z" /><!-- duration: 16ms -->
</step><!-- duration: 797ms -->
