﻿<?xml version="1.0" encoding="utf-8"?>
<deployment>
  <id>4e72a854976c4c3dad957e460a8ab1a6</id>
  <author>N/A</author>
  <deployer>OneDeploy</deployer>
  <authorEmail>N/A</authorEmail>
  <message>OneDeploy</message>
  <progress></progress>
  <status>Success</status>
  <statusText></statusText>
  <lastSuccessEndTime>2025-11-12T20:53:09.1082319Z</lastSuccessEndTime>
  <receivedTime>2025-11-12T20:53:04.1390722Z</receivedTime>
  <startTime>2025-11-12T20:53:04.2953251Z</startTime>
  <endTime>2025-11-12T20:53:09.1082319Z</endTime>
  <complete>True</complete>
  <is_temp>False</is_temp>
  <is_readonly>True</is_readonly>
  <project_type>OneDeploy</project_type>
  <vsproject_id></vsproject_id>
</deployment>