﻿<?xml version="1.0" encoding="utf-8"?>
<deployment>
  <id>2e873095e3754a65a215cf7ff580c87d</id>
  <author>N/A</author>
  <deployer>OneDeploy</deployer>
  <authorEmail>N/A</authorEmail>
  <message>OneDeploy</message>
  <progress></progress>
  <status>Success</status>
  <statusText></statusText>
  <lastSuccessEndTime>2025-11-12T20:52:34.8352095Z</lastSuccessEndTime>
  <receivedTime>2025-11-12T20:52:28.7703681Z</receivedTime>
  <startTime>2025-11-12T20:52:28.8953029Z</startTime>
  <endTime>2025-11-12T20:52:34.8352095Z</endTime>
  <complete>True</complete>
  <is_temp>False</is_temp>
  <is_readonly>True</is_readonly>
  <project_type>OneDeploy</project_type>
  <vsproject_id></vsproject_id>
</deployment>